title,rating,body,author,date
Va genial pero el dep√≥sito de agua es muy peque√±o,"4,0 de 5 estrellas","Es peque√±a y bonita y funciona perfectamente, la √∫nica pega que al ser tan peque√±a hay que estar cada muy poco rellenando el dep√≥sito del agua que se mete y saca un poco mal y es la √∫nica pega que le veo por eso le doy un 4",CRISTINA CA,Revisado en Espa√±a el 2 de diciembre de 2022
Buen tama√±o y calidad caf√©.,"5,0 de 5 estrellas","Me gusta mucho su tama√±o y como queda colocada en la cocina. El caf√© es bastante bueno y existen 4 tama√±os de caf√© como pod√©is ver en la foto. Un poco de ruido, pero no molesto, mientras coge presi√≥n para echar el caf√©, luego el sonido normal de cualquier cafetera mientras lo va echando. Por su precio, es una buena compra. Recomendable.",Margarita,Revisado en Espa√±a el 27 de enero de 2022
Me encanta,"4,0 de 5 estrellas",Una buena m√°quina y las c√°psulas recargables son aptas para ella .,Oscar,Revisado en Espa√±a el 13 de junio de 2023
Buena calidad precio,"4,0 de 5 estrellas",La adquir√≠ a un buen precio. Dej√© a mi madre encantada.,Cliente Amazon,Revisado en Espa√±a el 14 de junio de 2023
El espacio,"4,0 de 5 estrellas","Es una cafetera reducida, por lo que es c√≥moda de usar, aunque para abrir la ""capota"" podr√≠an haber puesto alg√∫n saliente con m√°s relieve para facilitar la apertura. La presi√≥n que tiene es suficiente para hacer un caf√© en condiciones (mejorable), pero bueno.",L-Sanz,Revisado en Espa√±a el 4 de enero de 2023
Me encanta,"5,0 de 5 estrellas","Quitando q solo puedes usar sus c√°psulas y lo econ√≥mica q te sale la m√°quina no pidamos mucho a mi me hace el apa√±o para mi t√©, caf√© de las visitas, agua calentita al momento o chocolate calentito pero vamos teniendo en cuenta que un bar te lleva casi 3 euros o 2 y pico por un chocolate este que el paquete te vale 5 y algo con 8 c√°psulas no est√° nada mal y buen√≠simos para mi gusto
Por qu√© luego para gusto los colores",Laura Mart√≠nez Salguero,Revisado en Espa√±a el 26 de noviembre de 2022
Muy satisfecho,"5,0 de 5 estrellas","Marca de calidad. Despu√©s de unos meses de utilizaci√≥n estoy contento con los resultados.
Se ajusta a lo indicado por el fabricante.
Llego bien protegido.
* Recomendable.",Jking,Revisado en Espa√±a el 29 de septiembre de 2023
Cafe caro,"4,0 de 5 estrellas",La cafetera muy biena pero el cafe sale muy caro,Jose luis,Revisado en Espa√±a el 31 de mayo de 2023
Perfecta,"5,0 de 5 estrellas",Se para sola cuando el caf√© est√° listo.,Milagros,Revisado en Espa√±a el 4 de diciembre de 2023
Despu√©s de un a√±o dejo de funcionar,"2,0 de 5 estrellas",A los meses empez√≥ a dar problemas y al a√±o ya no funcion√≥.,Cliente Amazon,Revisado en Espa√±a el 22 de mayo de 2024
Buena relaci√≥n calidad-precio,"5,0 de 5 estrellas","Estaba mirando varias cafeteras y estaban car√≠simas hace tiempo tuve est√° y decid√≠ comprarla de nuevo, no me defrauda y por el precio que tiene incre√≠ble. Si est√°s buscando una cafetera barata pero efectiva sin duda esta es una buena opci√≥n.",Mar√≠a b.a,Revisado en Espa√±a el 6 de julio de 2023
Caf√© muy bueno.,"5,0 de 5 estrellas","El caf√© est√° muy bueno en esta cafetera, la est√©tica es muy bonita y se limpia muy bien , lo √∫nico que no me gusta es que sirve el caf√© caliente no da la opci√≥n de fr√≠o como la dolce gusto.",Mar√≠a.,Revisado en Espa√±a el 13 de julio de 2023
Estupenda,"5,0 de 5 estrellas",Hace un caf√© que esta buenisimo,Anita,Revisado en Espa√±a el 7 de diciembre de 2023
"Buena cafetera, f√°cil y de poco peso.","5,0 de 5 estrellas",Est√° tal y c√≥mo se vende lo q me ha sorprendido es q no pesa nada.,Mar√≠a,Revisado en Espa√±a el 30 de octubre de 2023
Perfecta pero solo capsulas originales,"4,0 de 5 estrellas",Es perfecta el cafe es miy caro por lo que no le doy uso,Isabel,Revisado en Espa√±a el 11 de abril de 2023
Muy correcta m√°quina,"4,0 de 5 estrellas","Que las hay mejores, sin duda, pero cumple perfectamente con su funci√≥n y aprovechando una mega oferta.... nada de objetar. Muy contento con la compra",Jose Luis,Revisado en Espa√±a el 1 de marzo de 2023
Buena calidad y precio,"4,0 de 5 estrellas",Cafeter√≠a sencilla y hace los caf√©s muy buenos. Las c√°psulas no son muy caras y la cafetera es bonita. Lo que hace mucho ruido cuando est√° haciendo el caf√© y humo.,Roc√≠o,Revisado en Espa√±a el 30 de diciembre de 2022
Cafetera bosch,"4,0 de 5 estrellas",Lo f√°cil que es hacer un caf√© a cualquier hora.,David,Revisado en Espa√±a el 25 de abril de 2023
Me gusta responsable,"5,0 de 5 estrellas",Me encanto,Lorena Hazel Aragon Flores,Revisado en Espa√±a el 20 de diciembre de 2023
Nada que objetar respecto a la cafetera. Mi cr√≠tica es al sistema Tassimo.,"4,0 de 5 estrellas","Salen caf√©s bastante cortos para lo que estoy acostumbrado.
El precio de cada c√°psula a 0,30 aproximadamente, y tengo que usar dos para conseguir la cantidad que me gusta.
Por un poco m√°s, me voy al bar y socializo üòâ
Y no tengo que limpiar ninguna m√°quina ni descalcificarla.
Arrepentido de haber comprado tanto la cafetera como las c√°psulas.",Tren Rojo,Revisado en Espa√±a el 25 de marzo de 2022
Caf√© muy rico,"5,0 de 5 estrellas",Merece la pena,MARIA,Revisado en Espa√±a el 15 de diciembre de 2023
La m√°quina de caf√© perfecta,"5,0 de 5 estrellas","Tengo otra m√°quina Nespresso que, para mi gusto, esta muy limitada en variantes y sabores por lo que decid√≠ probar el sistema TASSIMO. El caf√© de sus capsulas es muy bueno sobre todo el de caf√© con leche. Tiene much√≠simas variantes de capuchino, chocolate, con baileys, etc. El precio de las c√°psulas es un poco alto para mi gusto pero la cafetera me cost√≥ 4 veces menos que la cafetera L'or Nespresso y funciona a la perfecci√≥n.",JESUS,Revisado en Espa√±a el 15 de octubre de 2022
Genial,"5,0 de 5 estrellas",Muy bonita y va bien.de hecho compr√© otra,raquel,Revisado en Espa√±a el 10 de noviembre de 2023
ü•∞ü•∞ la recomiendo,"4,0 de 5 estrellas",No esperaba que esta m√°quina estuviera a este precio la compre y pensaba que iba a venir con alg√∫n fallo o algo y para nada es totalmente nueva va estupendamente y lo que m√°s m√°s gust√≥ es que hab√≠a varios colores estoy s√∫per encantada no se si hay caf√© compatible pero de momento las de caf√© tassimo me encantan,Lilio,Revisado en Espa√±a el 27 de enero de 2022
Me gusta,"4,0 de 5 estrellas","Me gusta bastante la cafetera ,el caf√© est√° rico ,lo √∫nico que no me gusta es que las c√°psulas son caras üòì",L.,Revisado en Espa√±a el 29 de diciembre de 2022
Original,"4,0 de 5 estrellas",Est√° muy üëç,Mar,Revisado en Espa√±a el 20 de abril de 2023
perfecta,"5,0 de 5 estrellas",Llevo utilizando una tassimo desde que salio al mercado y es perfecta por su durabilidad y ahora por su estetica,ATON,Revisado en Espa√±a el 24 de agosto de 2023
"Buen precio,buen cafe","4,0 de 5 estrellas","Me gusta que es muy sencilla y eficaz, lo unico que de las tasimo es la que tiene el deposito mas peque√±o y incomodo de quitar....por lo demas excelente",malena,Revisado en Espa√±a el 8 de noviembre de 2022
cafetera Bosch tassimo,"5,0 de 5 estrellas","Es muy buena compra de esta cafetera, es muy sencilla de usar y la bebida sale super caliente en comparacion de otra de capsulas que tengo, se calienta rapido y se apaga ella sola tras su uso, ahora lo mas complicado es encontrar las capsulas ya que no las venden en todos los supermercados pero cuando las vea las compro y ya tengo para ir tomando la variedad de bebidas en capsulas que hay muchas",JRSendra,Revisado en Espa√±a el 30 de junio de 2022
"Un buen art√≠culo a un precio asequible, f√°cil de usar y f√°cil de mantener.","4,0 de 5 estrellas","Me ha gustado su apariencia, su precio y su facilidad para usarla permiti√©ndonos tener a mano y al momento un buen caf√©. No me ha gustado que las c√°psulas de caf√© con leche tengan poco contenido y no permitan tener un caf√© con leche en su tradicional medida y hay que usar dos. Las c√°psulas del caf√© cortado tienen su contenido en su justa medida.",Juan Antonio G√≥mez P√©rez,Revisado en Espa√±a el 14 de noviembre de 2021
Contenta con la compra,"4,0 de 5 estrellas","En general estoy bastante contenta con la compra, el √∫nico punto negativo que le veo es que sus pastillas son de las m√°s caras en relaci√≥n con otras cafeteras..",Andrea L√≥pez,Revisado en Espa√±a el 12 de octubre de 2022
Me encanta!,"5,0 de 5 estrellas","El caf√© es divino! La m√°quina se limpia f√°cil. El precio es lo mejor!
100% recomendada!",Javier Amezqueta,Revisado en Espa√±a el 19 de agosto de 2023
Todo esta bien,"5,0 de 5 estrellas",Todos Cosas que han venido estan bien,Edith Heuser,Revisado en Espa√±a el 9 de octubre de 2023
USO SENCILLO Y BUEN RESULTADO,"4,0 de 5 estrellas","Lo use para regalar y, por lo que me dice la persona que la utiliza, funciona muy bien.",Carlos,Revisado en Espa√±a el 21 de noviembre de 2022
Lo necesit√°bamos,"5,0 de 5 estrellas","Si siempre has querido una cafetera de c√°psulas. Pero todav√≠a est√°s dudando cu√°l coger. Olv√≠date de otros modelos m√°s caros. Esta es m√°s bonita y m√°s barata. La variedad de c√°psulas es menor, aunque los caf√©s son muy buenos. Adem√°s hay c√°psulas recargarbles en Amazon.",Pilar.E,Revisado en Espa√±a el 3 de marzo de 2023
Segunda que compro,"5,0 de 5 estrellas","Segunda que compramos, esta para regalo a un familiar. El sistema que regula el agua en funci√≥n de la c√°psula usada es muy √∫til para gente mayor o poco familiarizada con tecnolog√≠a. El caf√© que genera de muy buena calidad y sabor. El √∫nico pero que no hay marcas blancas que hagan c√°psulas tassimo pero personalmente por la calidad del caf√© que genera y por el precio de la m√°quina se compensa la peque√±a diferencia de precios de las c√°psulas tassimo.",G¬≤,Revisado en Espa√±a el 17 de enero de 2022
Peor que la tassimo antigua,"3,0 de 5 estrellas","He tenido muchos a√±os una tassimo, la cambi√© porque soltaba agua.
Al comprar la nueva, las principales desventajas que he encontrado es que el dep√≥sito de agua es mucho m√°s peque√±o y la forma de sacarlo y colocarlo m√°s complicado. Tambi√©n salpica m√°s caf√© ( uso tazas de desayuno y no puedo subir m√°s el soporte para tazas).
Respecto al sabor del caf√© es igual de bueno.",silvia,Revisado en Espa√±a el 8 de diciembre de 2022
Todo perfecto,"5,0 de 5 estrellas",Todo perfecto,J.C,Revisado en Espa√±a el 17 de octubre de 2023
Hace muy buen caf√©,"4,0 de 5 estrellas",Me gusta lo bonita que es pero me desagrada que no haya c√°psulas de marca blanca y siempre tenga que comprar las originales que son caras,Bego√±a,Revisado en Espa√±a el 18 de septiembre de 2022
¬°Content√≠sima!,"5,0 de 5 estrellas","Todo genial. √önico inconveniente, poca variedad de c√°psulas respecto a otras cafeteras y precios un poco m√°s alto. LLeva lector de c√≥digos dentro de la cafetera por lo que la c√°psula tiene que ser original y no hay ninguna parecida.",Rocio,Revisado en Espa√±a el 11 de diciembre de 2022
Muy buen sabor,"4,0 de 5 estrellas","Me encanta el sabor del caf√©, aunque para que el caf√© con leche y cortado sea m√°s intenso sue√±o a√±adirle un poco de caf√© de Cafetera italiana. Las c√°psulas son caras, pero en el Alcampo las venden entre 4 y 5 euros.",Lobna,Revisado en Espa√±a el 8 de febrero de 2022
Todo bien,"5,0 de 5 estrellas","La pill√© de oferta por 25‚Ç¨ y s√∫per bien. F√°cil de usar y limpiar, he comprado la c√°psula rellenable para no depender de las c√°psulas y funcionan s√∫per bien sin dejarte una pasta en c√°psulas. Compras tu bolsita de caf√© molido rellenas la c√°psula rehutilizable y listo.",Reich,Revisado en Espa√±a el 8 de enero de 2023
Precio del producto mas bajo que en otras tiendas,"4,0 de 5 estrellas",Buen producto a buen precio,Jos√© Felix,Revisado en Espa√±a el 9 de enero de 2023
Maravilla,"5,0 de 5 estrellas","Funciona s√∫per bien tet√© hace espuma en el caf√© cortado y lo que te hagas , el vendedor s√∫per bueno lo recomiendo üíØ por üíØ",Vanesa,Revisado en Espa√±a el 22 de mayo de 2023
Precio carfetera VS precio c√°psulas,"5,0 de 5 estrellas","Al pr√≥ximo comprador tened en cuenta que el coste de la cafetera es inferior a la de otras marcas pero que las c√°psulas son m√°s caras que la de otra marca, es decir que el fabricante recupera el precio que te rebaja en la cafetera e incluso a la larga gana m√°s.",Antonio cobles,Revisado en Espa√±a el 30 de noviembre de 2022
Muy bueno,"4,0 de 5 estrellas",Todo perfecto üëå caf√© caliente en su justa medida un poco caro quiz√°s las capsulas pero bueno se recomienda,Daniel Soto,Revisado en Espa√±a el 27 de septiembre de 2022
El f√°cil manejo,"4,0 de 5 estrellas",F√°cil de usar,Jose Rodriguez Alonso,Revisado en Espa√±a el 19 de enero de 2023
muy ligera,"4,0 de 5 estrellas",el deposito tendr√≠a que ser un poco m√°s grande.,luisa mar√≠a,Revisado en Espa√±a el 6 de diciembre de 2022
Cuidado - Formato de c√°psula √∫nico,"1,0 de 5 estrellas","La culpa ha sido m√≠a por no investigar, pero... a lo mejor esto ayuda a alguien para que no le pase lo mismo que a m√≠. Yo solo quer√≠a una cafetera b√°sica normal, sencilla y econ√≥mica, de acuerdo a mis posibilidades, para utilizarla con c√°psulas de marca blanca.

Las Tassimo tienen un formato particular de c√°psula aplanada y grande de plasticazo, y de uso mucho menos pr√°ctico e intuitivo. Para colmo, te ves obligad@ a comprar siempre las c√°psulas de su marca, car√≠simas, por cierto, porque no existe un equivalente de marca blanca que puedas utilizar. No hay pr√°cticamente variedad de caf√© en este formato. Un caf√© salido de ese tipo de pl√°stico duro, adem√°s, me da mala espina. El sabor de los poqu√≠simos tipos de caf√© que tienen no es gran cosa.

Sin duda es uno de esos casos en que lo barato sale caro. La cafetera, adem√°s, no es nada intuitiva, y la sensaci√≥n que da, por los ruidos que hace, lo que tarda y la falta total de opciones que da es de cutrez, de que no sabes si el caf√© va a salir o no. No vale la pena, cualquier otra con el formato de c√°psula normal te har√° un mejor servicio a la larga.",Pau,Revisado en Espa√±a el 19 de julio de 2022
Perfecto,"5,0 de 5 estrellas","La tengo m√°s de un a√±o y de las mejores compras que he hecho, no s√© como pod√≠a tomar el aguachirri de caf√© que tomaba antes. Funciona exactamente igual de bien que el primer d√≠a, le echas agua, metes las c√°psula y listo. La boquilla se desmonta y se limpia f√°cilmente cuando tengas que limpiarla.",Andr√©s,Revisado en Espa√±a el 17 de septiembre de 2022
Facil de usar,"5,0 de 5 estrellas","La cafetera es peque√±a y se adapta a cualquier espacio, de imagen esta bien hace buen cafe y ha salido a buen precio, el unico defecto por decir algo es que se tienen que usar capsulas originales, por el codigo de barras que va insertado en las mismas, por lo demas todo perfecto me gusta.",Cliente Amazon,Revisado en Espa√±a el 9 de septiembre de 2022
F√°cil usar pero el sistema de poner las c√°psulas da problemas. No coge bien la c√°psula,"3,0 de 5 estrellas","Utilizados sencilla. Pero el sistema de poner las c√°psulas da error si al poner la c√°psula no la pones exactamente en el sitio adecuado.
A m√≠nimo desv√≠o, da error e invalida la c√°psula",KOLDO,Revisado en Espa√±a el 28 de marzo de 2023
Buena cafetera,"5,0 de 5 estrellas",Funciona sin esperas y hace buen caf√© dependiendo de lo que gastes en la calidad del caf√©.,Angel,Revisado en Espa√±a el 13 de junio de 2023
Calidad precio. Gran opci√≥n,"5,0 de 5 estrellas","Me ha encantado esta cafetera. Ideal para hacer un caf√© rico y r√°pido. Se limpia bien y se puede utilizar con c√°psula rellenable (se compra a parte). En definitiva, calidad-precio de lo mejor.",David Fern√°ndez Ruiz,Revisado en Espa√±a el 20 de enero de 2023
Muy buena,"5,0 de 5 estrellas","Funciona muy bien y muy r√°pido y hace un caf√© magn√≠fico. La √∫nica pega es que no hay c√°psulas alternativas, solo puedes usar las de Tassimo y aunque no son excesivamente caras, en los supermercados no tienen todas las variedades que hay y adem√°s, seguro que si hubiesen alternativas de marca blanca, ser√≠an mas baratas, por lo dem√°s, buena compra.",Fer Jar,Revisado en Espa√±a el 20 de agosto de 2022
Bien,"4,0 de 5 estrellas",Esta muy bien su forma de usar es muy f√°cil,Suleyda,Revisado en Espa√±a el 15 de noviembre de 2022
Cumple lo que promete,"4,0 de 5 estrellas","Est√° bien como cafetera de c√°psulas. Las hace r√°pidamente aunque no deja tanto sabor como la anterior Tassimo que ten√≠amos, tal vez por la temperatura que le da (casi hirviendo), pero la verdad que est√° bastante bien calidad-precio. Todo correcto.",√Ångel N√∫√±ez,Revisado en Espa√±a el 14 de febrero de 2022
Es una casta√±a,"1,0 de 5 estrellas","La he renovado al estropearseme una cafetera Dolce gusto que tenia cuatro a√±os, estoy arrepentido del cambio, el cafe es de interior calidad, en los super es mas dificil encontrar capsulas tassimo, son mas caras y con menos variedad, no se puede regular el volumen del cafe, no tiene comparacion, ha sido una mala compra, si la comparamos con la Dolce gusto de Nescafe.",Raimundo,Revisado en Espa√±a el 14 de diciembre de 2023
Un enga√±o lo que est√°n haciendo estos fabricantes,"1,0 de 5 estrellas","Empecemos, el env√≠o de 10, la ten√≠a en casa en menos de 24 horas, la cafetera mon√≠sima, f√°cil de usar y pr√°ctica y el sabor de los caf√©s me encantan. Ahora voy a lo malo: hace unos a√±os compramos otra tassimo y con ella una taza de latte machiatto, las c√°psulas de latte machiatto llenaban esa taza. Cu√°l es mi asombro, sorpresa, enfado, cabreo y decepci√≥n cuando descubro que AHORA las c√°psulas de latte machiatto de la tassimo no llena esa misma taza, ahora las c√°psulas son m√°s caras y el latte machiatto es para taza de caf√© con leche normal. Y las c√°psulas de caf√© con leche son para tazas de caf√©. Para m√≠ una decepci√≥n enorme y me han enga√±ado.",jose nadal,Revisado en Espa√±a el 2 de diciembre de 2021
Caf√©,"1,0 de 5 estrellas","La m√°quina funciona bien.
Demasiadas veces de limpieza
Los caf√©s de esa m√°quina encontrada en las tiendas son mal√≠simas.
Para quien realmente aprecia un bueno caf√© seguramente sentir√° o malo que son los caf√©s.
Tienes de comprar c√°psulas para hacer su propio caf√©. El caf√© no sale s√∫per caliente como la competencia.
Al final la tir√© y compr√© una expresa .",Cliente Amazon,Revisado en Espa√±a el 8 de junio de 2022
Producto defectuoso,"1,0 de 5 estrellas","No funciona el ciclo de limpieza ni el de caf√©. La he intentado devolver, pero parece misi√≥n imposible. Por fin, vino Seur a por ella. Tuve que llamar al servicio al cliente para recogidas que es un 902 El 800 gratuito es solo para env√≠os, pero por lo menos vinieron en el mismo d√≠a. Comprar en estas fechas es lo que trae, colas para las devoluciones.",Juan Carlos Huertas Ayuso,Revisado en Espa√±a el 3 de enero de 2022
Caja da√±ada por dos sitios y es.la.segunda vez que me pasa,"1,0 de 5 estrellas","Calidad precios est√°n bien aunque no lo e.probado,la.primera la caja da√±ada y el interior sucio como si hubiera sido usada.
Y la segunda la caja rota por dos sitios,no s√© si a causa de golpes o que",Alfredo,Revisado en Espa√±a el 5 de diciembre de 2022
Buen caf√©,"1,0 de 5 estrellas","La cafetera en si es buena, f√°cil de usar y todo eso y por ese lado muy bien. Lo malo viene que el formato de c√°psulas que usa apenas hay competencia y da poca elecci√≥n a la hora de comprarlas en cuanto a variedad y precio porque no hay gen√©ticas en los supermercados",Cliente Amazon,Revisado en Espa√±a el 10 de febrero de 2022
Sabor malo,"1,0 de 5 estrellas",De La cafetera por el precio que tiene no se puede esperar mucho ademas las c√°psulas son las m√°s caras y los sabores de los caf√©s son p√©simos es agua no lo recomiendo,alicia,Revisado en Espa√±a el 19 de noviembre de 2022
Justo lo recibi y no funciona,"1,0 de 5 estrellas","Acabo de recibir este producto y no funciona en absoluto. Lo enchuf√© y esper√© durante horas, probando todas las soluciones posibles (limpiar el lector de c√≥digos de barras, insertar una c√°psula, tratar de limpiar el dispensador de agua) y simplemente no funciona.",Alberto,Revisado en Espa√±a el 8 de diciembre de 2021
"la he usado una sola vez, no hay casi c√°psulas compatible,me desgust√≥","1,0 de 5 estrellas","Me ha gustado la cafetera a primera vista,pero no funciona bien,no hay opicon de c√°psulas, no lle ofrece alternativas para eligir la marca de caf√© que te gusta... Ol sea esta en casa, usada una unica vez",Marilda Francisca da Silva,Revisado en Espa√±a el 19 de abril de 2022
Buen caf√© y f√°cil de usar,"1,0 de 5 estrellas","F√°cil de usar , hace r√°pido el caf√© lo √∫nico que sus c√°psulas son m√°s caras que el resto y no se pueden sustituir por marcas blancas, hay unas c√°psulas de pl√°stico para rellenar pero tambi√©n son caras",Cliente Amazon,Revisado en Espa√±a el 21 de noviembre de 2021
Desencanto total,"1,0 de 5 estrellas",La devolv√≠. Echaba much√≠simo vapor. Una c√°psula de caf√© con leche daba para dos dedos s√≥lo. 4 c√°psulas para llenar una tasa normal. Esto encarece mucho el producto. Tengo un desencanto total,Carmen,Revisado en Espa√±a el 29 de diciembre de 2021
No puedes alargar la c√°psula,"1,0 de 5 estrellas","Es una cafetera de juguete, el caf√© est√° bueno pero si la c√°psula es de un caf√© corto no esperes poder darle para alargar el caf√© por que no es posible si no metes otra carga.",Sylvia S√°nchez,Revisado en Espa√±a el 6 de marzo de 2022
Cuidado !,"1,0 de 5 estrellas",La cafetera est√° a un precio conveniente pero te cargaras con muchos gastos de c√°psulas. No tienen versi√≥n alternativa y son de las m√°s caras del mercado,Sonia Cusach,Revisado en Espa√±a el 5 de mayo de 2022
No me gusta nada.,"1,0 de 5 estrellas",Para llenar el vaso debes estar presionando. M√°s vale comprar la dolce y es mejor ... Lo barato sale caro.,Osorio,Revisado en Espa√±a el 16 de junio de 2022
Econ√≥mica,"1,0 de 5 estrellas","La m√°quina vino defectuosa y tuve que hacer una devoluci√≥n, ahora me da respeto tener que comprar otra, podr√≠a estar mal. Tengo dudas.",Reme M V,Revisado en Espa√±a el 16 de febrero de 2022
Porqueria,"1,0 de 5 estrellas",La peor cafetera que e comprado,Sebasti√°n chamorro P√©rez,Revisado en Espa√±a el 30 de enero de 2023
Estafa,"1,0 de 5 estrellas","No la recomiendo porque s√≥lo sirven c√°psulas de tassimo, y el precios de ellas es caro. Decepcionada....",susana,Revisado en Espa√±a el 6 de febrero de 2022
En menos de una a√±o esta averiada,"1,0 de 5 estrellas",Articulo comprado en sept 2021 y en jun 202 ya esta averiado,Cliente Amazon,Revisado en Espa√±a el 21 de junio de 2022
Se ha roto a los 2 meses de uso.,"1,0 de 5 estrellas",Se ha roto a los 2 meses de uso. He intentado hablar con la atenci√≥n al cliente de Amazon y no contestan. Un asco.,Cliente Amazon,Revisado en Espa√±a el 18 de marzo de 2022
No aprovecha las cabsulas ni de caf√© ni de Milka es un desperdicio para lo que cuestan.,"1,0 de 5 estrellas","No aprovecha las cabsulas para lo caras que son deja la mitad dentro y sale el caf√© clar√≠simo ,no me gusta esta cafetera.",josi,Revisado en Espa√±a el 20 de marzo de 2022
Las c√°psulas son caras,"1,0 de 5 estrellas",No hay muchas c√°psulas compatibles,Maria Garc√≠a,Revisado en Espa√±a el 9 de octubre de 2022
Cafetera barata con capsulas caros,"1,0 de 5 estrellas",Me gust√≥ el precio pero las capsulas son las m√°s costosas de el mercado. La voy a devolver,Miguel Montero,Revisado en Espa√±a el 13 de noviembre de 2021
Falla mucho,"1,0 de 5 estrellas",Muchas veces no funciona.,juan carlos,Revisado en Espa√±a el 19 de marzo de 2022
NO ocultar informaci√≥n,"1,0 de 5 estrellas",Cuando se vende un producto ocultando o simulando informaci√≥n siempre sale mal,JOG,Revisado en Espa√±a el 2 de diciembre de 2021
La peor cafetera de la historia!,"1,0 de 5 estrellas","La peor cafetera del mundo, funciona todo mal",Toranzo,Revisado en Espa√±a el 31 de diciembre de 2021
Buena pero dura poco,"1,0 de 5 estrellas",6 meses y ya no funciona.,A M,Revisado en Espa√±a el 21 de diciembre de 2021
No vale para nada,"1,0 de 5 estrellas","Que tenga que estar limpiando la cafetera a cada momento..., Para eso mejor una cafetera de toda la vida. Totalmente decepcionada.",La mari,Revisado en Espa√±a el 9 de marzo de 2023
Mal cafe,"1,0 de 5 estrellas",El cafe es nefasto y he probado varios de tassimo. No se si es problema de la cafetera o q las capsulas son malas. Cafes aguados y sabor mediocre. Triste ya que compr√© esta por el precio ajustado pero tenia q haber comprado la dolce gusto,Car,Revisado en Espa√±a el 27 de noviembre de 2022
Deber√≠a ser ilegal que esta cafetera solo sirva para sus capsulas,"1,0 de 5 estrellas",Me parece un enga√±o que la cafetera tenga un c√≥digo para escanear solo las c√°psulas de esta marca y sin eso no prepara el caf√©,Lucia Marin Fabian,Revisado en Espa√±a el 4 de noviembre de 2022
No me ha gustado el sabor del caf√©,"2,0 de 5 estrellas","Ya s√© que en cuesti√≥n de gustos no hay nada escrito. Lo del caf√© es algo muy personal pero en el trabajo tenemos una nespresso y me gusta mucho como prepara los caf√©s y lo r√°pido. Por eso me anim√© con esta otra marca Tassimo que es la ""competencia"" y quise darle una oportunidad. Cada c√°psula lleva un c√≥digo de barras para que la m√°quina optimice la elaboraci√≥n del caf√©. Adem√°s, no se venden c√°psulas compatibles de marca blanca por lo que se supone que la calidad del caf√© es mejor. En mi caso prob√© con la marca L'Or y tras varios intentos he terminado defraudado, as√≠ que al final me he decidido en devolverla. Creo que me pasar√© a Nespresso que ya la conozco.",Jos√© G,Revisado en Espa√±a el 21 de abril de 2022
Cafetera Bosh blanco.,"2,0 de 5 estrellas","No me acaba de gustar , apret√≥ √©l bot√≥n y no responde, se debe apretar varias veces y no hace mucha espuma, lo devolver√© y usar√© otra vez la Senseo, hac√≠a m√°s espuma y a la primera se pon√≠a en marcha. Decepcionada.",Maria,Revisado en Espa√±a el 1 de mayo de 2023
no muy facil de abrir,"2,0 de 5 estrellas",no lo encontramos facil a usar entonces lo devolvimos,Kim Toumi,Revisado en Espa√±a el 20 de septiembre de 2023
Dificil de conseguir capsulas,"2,0 de 5 estrellas","Lo compre pensando que era la opci√≥n m√°s econ√≥mica y funcional del mercado, NO. Hace lo mismo que las otras cafeteras de c√°psula, lo malo es que es muy dif√≠cil conseguir sabores de c√°psulas, la idea de tener una cafetera as√≠ es poder hacer diferentes cosas, en el mercado lo que m√°s se consigue es caf√© negro... No la recomiendo.",Kathleem,Revisado en Espa√±a el 8 de junio de 2022
Torpe,"2,0 de 5 estrellas","Buen precio, el sabor de los caf√©s es no es el mejor , es bastante f√°cil de usar como todas aunque su mec√°nica es m√°s compleja",Joaqu√≠n,Revisado en Espa√±a el 22 de junio de 2022
No es f√°cil para q salga el caf√© o est√° defectuoso,"2,0 de 5 estrellas",No puedo ponerla en marcha cada vez q necesito.,Ana B.,Revisado en Espa√±a el 2 de diciembre de 2022
Sus casillas no le sirven marca blanca,"2,0 de 5 estrellas",Las c√°psulas muy caras y no sirven marca blanca ...,Mari Carmen,Revisado en Espa√±a el 13 de octubre de 2022
Me gustan mas otras cafeteras,"2,0 de 5 estrellas",Cuesta encontrar las capsulas y no hay de marca blanca .,Nika,Revisado en Espa√±a el 9 de julio de 2022
"Dale muy poco caf√©, en comparaci√≥n con otras cafeteras esta no la volver√≠a a comprar","2,0 de 5 estrellas","Me gusto el color, pero es lenta no la volver√≠a a comprar",Susana,Revisado en Espa√±a el 6 de junio de 2022
Cafetera,"2,0 de 5 estrellas",Muy buena pero las c√°psulas valen demasiado .,Rober,Revisado en Espa√±a el 6 de septiembre de 2022
Caja da√±ads,"2,0 de 5 estrellas","No lo he probado es un regalo perola caja exterior de la cafetera ven√≠a da√±ada por los golpes, no trae ninguna caja para proteger el producto",Cliente Amazon,Revisado en Espa√±a el 6 de diciembre de 2021
"Cafetera individual, para m√°s de un caf√© continuado muy complicada i lenta","2,0 de 5 estrellas","Sabor bueno dif√≠cil hacer varios caf√©s seguidos, cafetera individual",Ramon,Revisado en Espa√±a el 2 de enero de 2022
Lo peor,"2,0 de 5 estrellas",Las c√°psulas son muy caras para el mal sabor y la m√°quina deja mucho que desear,PEP@VANS,Revisado en Espa√±a el 27 de diciembre de 2023
A la larga sale muy cara.,"3,0 de 5 estrellas","Te ponen la cafetera a bajo precio pero las c√°psulas son car√≠simas y no existen compatibles. Van controladas por c√≥digos de barra.

Echa n√∫meros antes de comprarla. Mira los precios de las c√°psulas. Espero bajen los precios porque muchos dejaremos de usarla.",Julio Dominguez,Revisado en Espa√±a el 11 de enero de 2023
"La cafetera ven√≠a usada, supongo que por eso era tan barata, pero pod√≠an avisar.","3,0 de 5 estrellas","Funciona bien, pero podr√≠an avisar que era usada",Cliente Amazon,Revisado en Espa√±a el 9 de abril de 2024
Muy justo,"3,0 de 5 estrellas","Es una cafetera bastante justita, es verdad que por el precio que pagu√© (30‚Ç¨) no puedo exigir mucho, sin embargo, el cafe que se obtiene y la funcionalidad de la maquina dejan bastante que desear. En ocasiones continuo usando la cafetera italiana.",Andres L.,Revisado en Espa√±a el 1 de enero de 2023
Nada de lo esperado,"3,0 de 5 estrellas","Sinceramente eso de que graduarte el agua seg√∫n cada bebida no es cierto, vierte agua sin parar y deja todo aguadisimo, las c√°psulas de las m√°s caras, lamento no haberla devuelto cuando pod√≠a",Yeny,Revisado en Espa√±a el 23 de enero de 2023
Decepcionante,"3,0 de 5 estrellas","La cafetera funciona con normalidad, √∫nicamente hay un problema y es que no existen c√°psulas compatibles con ella por lo que debes comprar las de marca Tassimo te gusten o no. A m√≠ particularmente no me agrada demasiado su sabor as√≠ que tengo la cafetera pr√°cticamente sin usar",Esenma,Revisado en Espa√±a el 4 de octubre de 2022
"Buena, pero con algunos fallos","3,0 de 5 estrellas","Funciona bien, sirve el caf√© o lo que le pongas sin problemas, pero en caso de querer que sirva un poco m√°s de agua, tienes que quedarte presionando el bot√≥n, tambi√©n, al empezar a servir el caf√©, suena raro, como atascado, luego funciona, pero suena raro. Eso si, la cafetera es buena, cumple su funci√≥n y por poco dinero.",Juan Carlos Abad√≠a Simmon,Revisado en Espa√±a el 7 de marzo de 2022
Se estrope√≥ enseguida,"3,0 de 5 estrellas",La verdad es que el caf√© que da exquisito. Pero se estrope√≥ al segundo d√≠a de uso‚Ä¶,Sandra,Revisado en Espa√±a el 14 de diciembre de 2022
No lee los c√≥digos de barra,"3,0 de 5 estrellas",El sabor y la calidad del caf√© son aceptables aunque alejadas de las m√°quinas expreso de 19 bares. El √∫nico problema es que no lee los c√≥digos de barra de algunas c√°psulas a pesar de ser originales y te obliga a deshecharlas,Bego√±a,Revisado en Espa√±a el 27 de enero de 2022
Que esta bien para lo que pague,"3,0 de 5 estrellas",Es f√°cil de usar lo que no me gura que no es compatible con otro tipo de c√°psulas que esta bien su precio,Mar√≠a del rosario,Revisado en Espa√±a el 5 de mayo de 2022
La facilidad de uso,"3,0 de 5 estrellas","Es f√°cil de usar, no ocupa espacio, se vac√≠a enseguida el recipiente del agua, pero bien en general",Carmen,Revisado en Espa√±a el 17 de diciembre de 2021
Tassimo,"3,0 de 5 estrellas",no es compatible con dolce gusto y me busqueda era por dolce gusto,janacx,Revisado en Espa√±a el 25 de octubre de 2021
No puedes usar c√°psulas que no sean originales,"3,0 de 5 estrellas","Est√° bien, pero no puedes usar c√°psulas que no sean originales.",BORJA,Revisado en Espa√±a el 8 de diciembre de 2021
"Bien el producto, mal Amazon.","4,0 de 5 estrellas","En general la cafetera es fant√°stica, sencilla en su manejo y buen dise√±o, pero estoy muy decepcionada con Amazon, enviaron una cafetera reacondicionada, es decir, de alguna devoluci√≥n, primero porque se notaba que hab√≠a sido sacada del embalaje con anterioridad pues era evidente por la colocaci√≥n de los componentes y la segunda y mas evidente, el precinto de la caja era de Amazon, no el original del producto.
Vale que la compr√© a buen precio, pero en ninguna parte pon√≠a que era reacondicionada, eso se llama enga√±ar al cliente.",M0rrigan,Revisado en Espa√±a el 15 de diciembre de 2023
Bastante bien,"4,0 de 5 estrellas","Compr√© esta cafetera porque estaba de oferta en un PrimeDay.

Yo ya ten√≠a una cafetera autom√°tica de otra marca, y con otro tipo de c√°psulas. Pero la oferta era tentadora y pens√© que era una buena ocasi√≥n para probar otros sabores.

La cafetera funciona correctamente. Est√° hecha de un pl√°stico robusto y aparentemente resistente.

Se calienta muy r√°pidamente y en pocos segundos est√° lista para su uso. Adem√°s, es bastante silenciosa en comparaci√≥n con otros modelos. Es sencilla de utilizar y, el tipo de c√°psulas que utiliza, le dicen a la cafetera c√∫anto l√≠quido, y c√≥mo debe dispensarlo, en base al tipo de bebida que quieras preparar.

Sin embargo, para mi, tiene algunos peque√±os inconvenientes.

En primer lugar, las c√°psulas de esta m√°quina son m√°s caras que las de otro tipo de cafeteras. Es cierto que el sabor es bueno, aunque yo (ser√° por la costumbre) casi que prefiero las de Nespresso. Adem√°s no hay tanta variedad en cuanto a c√°psulas compatibles. De hecho yo no he econtrado ninguna. Tienes que comprar, s√≠ o s√≠, las c√°psulas originales de esta misma marca.

Por otro lado, el dep√≥sito de agua es muy peque√±o. En las cafeteras m√°s habituales que yo estoy acostumbrado a utilizar, el dep√≥sito te da perfectamente para 6 o 7 caf√©s. Y en esta s√≥lo para 2 o 3.

En general creo que es una buena m√°quina, cumple con su funci√≥n. Pero si vienes de Nespresso... vas a notar mucha diferencia.",Sergio Jerez,Revisado en Espa√±a el 12 de agosto de 2023
Compacta,"4,0 de 5 estrellas","La cafetera funciona bien, caf√© caliente y no hace ruido excesivo. Compacta..ocupa poco sitio y el caf√© est√° bueno con sus c√°psulas. Es todo pl√°stico, tuve una anterior parecida a esta y me a durado unos 4 a√±os, haber est√°. Calidad precio buena",Antonio,Revisado en Espa√±a el 19 de abril de 2024
Bien,"4,0 de 5 estrellas","Muy bien producto, la √∫nica pega esque las c√°psulas son muy cara y para esta cafetera no hay marca blanca",Laura,Revisado en Espa√±a el 29 de abril de 2024
Practica,"4,0 de 5 estrellas","S√∫per pr√°ctica, sencillo de usar, se ve bien ... solo que no hay tantas c√°psulas compatibles para uso",Buena Cafetera,Revisado en Espa√±a el 4 de abril de 2024
Calidad,"4,0 de 5 estrellas",Buen precio,Jorge Lago,Revisado en Espa√±a el 15 de abril de 2024
La profesionalidad de √©sta empresa,"4,0 de 5 estrellas",Me ha encantado y adem√°s todo lo que he pedido,Mendy,Revisado en Espa√±a el 31 de marzo de 2024
Funcional,"4,0 de 5 estrellas","Funcional y peque√±a, para m√≠ mujer y a mi nos sobra para los caf√©s del desayuno, buen precio y prestaciones adecuadas",jrcquinito,Revisado en Espa√±a el 18 de febrero de 2024
Buena relaci√≥n calidad-precio,"4,0 de 5 estrellas","Es una cafetera que ocupa poco espacio y en color blanco es muy bonita. F√°cil de usar y tiene una gran variedad de bebidas. Llevo varias semanas us√°ndola y estoy bastante contenta.
No le pongo 5 estrellas porque s√≥lo puede usar un tipo de capsulas, las oficiales de tassimo.",Sunone,Revisado en Espa√±a el 13 de diciembre de 2023
Publicidad enga√±osa,"4,0 de 5 estrellas","Tiene un color muy bonito, es f√°cil de utilizar, aunque el tanque del agua es peque√±o.
Eleg√≠ esta cafetera porque tiene c√°psulas del que considero el mejor caf√© para mi gusto, Marcilla, y porque anuncia que dispone de m√°s de 70 variedades de bebidas.
√âsto segundo es completamente falso, en los hipermercados/supermercados no llegan ni a 10 las variedades, pero es que, en la web oficial, donde puedes hacer pedidos a un precio incomprensiblemente m√°s alto que en estos sitios o que en Amazon, he contado y s√≥lo hay 36 variedades, de las cuales 5 pon√≠a que las dispondr√°n ""pr√≥ximamente"".
Aqu√≠ en Amazon puedes encontrar alguna bebida m√°s de importaci√≥n pero a un precio m√°s elevado.
El precio de la cafetera en s√≠ aqu√≠ lo consegu√≠ muy rebajado y es como realmente merece la pena, debido a lo caro de las c√°psulas y que no hay otras compatibles, s√≥lo sirven las de Tassimo.
Aun as√≠, lo recomiendo por la calidad de las c√°psulas de Marcilla y L'Or, pero hay que tener en cuenta estas observaciones antes de decidirse por esta u otra cafetera.",Dani,Revisado en Espa√±a el 22 de noviembre de 2022
Buena cafetera,"4,0 de 5 estrellas","Muy buena cafetera. La √∫nica pega es que no tiene c√°psulas compatibles de marca blanca y te tienes que gastar el dinero, pero el caf√© es de buena calidad.",bcharmer,Revisado en Espa√±a el 10 de diciembre de 2023
M√°quina econ√≥mica,"4,0 de 5 estrellas","La alternativa barata a otras marcas, el cafe en si depende m√°s del producto, que en este caso y a mi personalmente no me gusta, aunque en sea mas facil de encontrar (esta en todos los supermercados) pero no todos los tipos. Me vuelvo a la marca lider (esta la compre para segunda residencia).",Miguel M.,Revisado en Espa√±a el 18 de agosto de 2023
Funcionamiento,"4,0 de 5 estrellas",Hace un caf√© muy bueno üëå,N√≠a,Revisado en Espa√±a el 19 de diciembre de 2023
Calidad precio,"4,0 de 5 estrellas","Me gusta la est√©tica f√°cil de usar, lo √∫nico es que no tiene mucha presi√≥n pero eso es de menos",Claire,Revisado en Espa√±a el 11 de noviembre de 2023
Conforme,"4,0 de 5 estrellas","Por el precio cumple con su funci√≥n, estoy muy conforme",Elizabeth,Revisado en Espa√±a el 3 de diciembre de 2023
Para el precio que tiene da el pego,"4,0 de 5 estrellas","Por el precio que tiene no se puede pedir mucho, pl√°stico de poca calidad y parece un tractor en marcha. El Deposito de agua se queda atascado y hay que usar la fuerza bruta para sacarlo",Salva P.,Revisado en Espa√±a el 18 de abril de 2023
Caf√© Rico! F√°cil de usar,"4,0 de 5 estrellas","La cafetera es muy bonita de color(melocot√≥n).... f√°cil de usar... lleg√≥ perfecta.... est√° muy bien de precio 24‚Ç¨ ...la √∫nica pega es que no hay c√°psulas compatibles....hay que comprar las tassimo unos 5,30‚Ç¨...pero tiene buen gusto y sabor....hay mucha variedad de c√°psulas...la foto es de caf√© con leche...necesitaba una que no fuera muy grande para la oficina....as√≠ que genial!",Mel,Revisado en Espa√±a el 20 de noviembre de 2022
Valida pero el sabor de los caf√©s regular,"4,0 de 5 estrellas","La cafetera va muy bien y adem√°s es bonita, sobre todo si la coges en blanca. Nunca me a fallado y es muy f√°cil de usar. El problema que le veo es que los sabores de tassimo no est√°n muy logrados y parecen caf√© de m√°quina de monedas. La gama de chocolates no la he probado, pero me da la impresi√≥n que salen aguados y poco cremosos.. la utilizo eventualmente cuando me quedo sin caf√© soluble.",Dave,Revisado en Espa√±a el 2 de julio de 2022
un buen regalo,"4,0 de 5 estrellas","La compr√© para un regalo y la persona que la recibi√≥ quedo encantada. Para una persona sola, como es el caso, es perfecta.
El problema es que no en todos los supermercados hay las capsulas, sobre todos las m√°s originales como chocolate, infusiones, etc.",Laura,Revisado en Espa√±a el 19 de enero de 2023
las capsulas no son diferentes a las que hay en la mayor√≠a de lugares de venta,"4,0 de 5 estrellas",muy bien la calidad y el precio pero las c√°psulas no tienen tanta variedad como las otras,jose alva,Revisado en Espa√±a el 30 de julio de 2022
Genial,"4,0 de 5 estrellas",Muchas bebidas en una sola cafetera y env√≠o 24hs excelente,Giovanna,Revisado en Espa√±a el 8 de noviembre de 2022
Buena cafetera,"4,0 de 5 estrellas",La cafetera est√° muy,elena bg,Revisado en Espa√±a el 14 de noviembre de 2022
"Llevo poco tiempo con ella,calidad y precio estupendo","4,0 de 5 estrellas","Hace ruido al principio,pero sale un buen caf√© y las c√°psulas son m√°s economicas",Antonio,Revisado en Espa√±a el 8 de agosto de 2022
Tama√±o perfecto,"4,0 de 5 estrellas","Me ha gustado por el tama√±o, pues cabe en cualquier rinc√≥n, y hace buenos caf√®s.
Ten√≠a una tassimo My Way, mucho m√°s grande, pero que empez√≥ a gotear por la base.",Classic,Revisado en Espa√±a el 16 de noviembre de 2021
Bonito dise√±o y buen tama√±o,"4,0 de 5 estrellas","Buena maquina de cafe,el precio un poco elevado,las he visto m√°s baratas de Tassimo del mismo modelo.",Msm,Revisado en Espa√±a el 14 de marzo de 2022
Buena cafetera,"4,0 de 5 estrellas",Era para regalo y la persona que se la regale me dijo que es muy buena y le encanto aparte de ser una de las mejores marcas,Francisca Morales Gimenez,Revisado en Espa√±a el 6 de diciembre de 2021
Imposible conseguir c√°psulas equivalentes,"4,0 de 5 estrellas","Es bonita y de gran calidad, lo malo es no poder usar c√°psulas equivalentes",Javichu,Revisado en Espa√±a el 12 de abril de 2022
Esta muy bien lo peor q veo es q las c√°psulas tienen q ser las de su marca,"4,0 de 5 estrellas","Muy f√°cil, el caf√© bueno y adem√°s se corta cuando se debe de cortar",karmen,Revisado en Espa√±a el 15 de enero de 2022
GENIAL COMO REGALO,"4,0 de 5 estrellas",De manejo sencillo y con una amplia variedad de bebidas para elaborar. Estupenda,Guillermo Fernandez Martinez,Revisado en Espa√±a el 7 de enero de 2022
Muy bien calidad precio,"4,0 de 5 estrellas",Se compra las c√°psulas espec√≠ficas de tassimo pero bien,Noe,Revisado en Espa√±a el 4 de enero de 2022
La comodidad,"4,0 de 5 estrellas","Tama√±o peque√±o, c√≥moda y muy sencilla de usar",Cliente Amazon,Revisado en Espa√±a el 3 de enero de 2022
"Por la oferta, sali√≥ muy bien, precio calidad","4,0 de 5 estrellas","Despu√©s de m√°s de un mes funciona muy bien, lo √∫nico que las c√°psulas son algo caras.",Ciscu,Revisado en Espa√±a el 26 de abril de 2021
Buen producto,"4,0 de 5 estrellas",F√°cil de usar,Juan Carlos,Revisado en Espa√±a el 3 de diciembre de 2021
Buena relaci√≥n calidad-precio.,"4,0 de 5 estrellas",Relaci√≥n calidad-precio.,Antonio Jesus Romero,Revisado en Espa√±a el 11 de enero de 2022
Precio,"4,0 de 5 estrellas",Calidad precio inmejorable,Teresa Soriano Avil√©s,Revisado en Espa√±a el 16 de octubre de 2021
Dise√±o y tama√±o,"4,0 de 5 estrellas","Me gusta el dise√±o y el peque√±o tama√±o, el tiempo de preparado est√° muy bien, me gusta que lea los c√≥digos de barras y se adapte a la c√°psula, ....lo que no me gusta es como encajan los pl√°sticos ya que la base de la taza se sale f√°cilmente",Jorge Raposo,Revisado en Espa√±a el 3 de septiembre de 2022
"F√°cil, r√°pida y compacta","5,0 de 5 estrellas","Excelente cafetera, trabaja muy bien, es r√°pida, el caf√© sale a la temperatura perfecta, no ruidosa, ocupa muy poco espacio, f√°cil de usar y limpiar. Es una maravilla, relaci√≥n calidad-precio inmejorable. Tiene menos variedad de caf√© que la Dolce, pero dir√≠a que es cuesti√≥n de tiempo que se empiece comercializar muchas m√°s variedades. Las m√°s comunes son la marca marcilla, m√°s sin embargo en mis supermercados de compras he conseguido milka y lor. Estoy encantada la recomiendo m√°s de tres semanas de uso constante y sigue perfecta.",YASC,Revisado en Espa√±a el 1 de febrero de 2022
Cafetera,"5,0 de 5 estrellas",Me encanta compacta. Y buen cafe,Isabel C.,Revisado en Espa√±a el 6 de julio de 2024
calidad correcta para el precio pero no sirve para reducir,"5,0 de 5 estrellas","Mejor versi√≥n que las anteriores, m√°s resistente, menos fallos, m√°s fuerte el cierre del caj√≥n de agua, etc.",JUDITH DIAZ GARCES,Revisado en Espa√±a el 2 de abril de 2024
peque√±a y f√°cil de usar,"5,0 de 5 estrellas","es perfecta, pero una lastima que la marca TASSIMO no tenga tanta variedad de caf√©s descafeinados y m√°s tama√±os o lattes ... tambi√©n se echa de menos m√°s variedad en chocolates y t√©s...",Cliente,Revisado en Espa√±a el 10 de junio de 2024
Recomendable,"5,0 de 5 estrellas","Divina! Hermosa, pr√°ctica, Totalmente recomendable",Celeste,Revisado en Espa√±a el 20 de julio de 2024
Estamos encantadas,"5,0 de 5 estrellas",Compre esta cafetera para la escuela y estamos muy contentas. La usamos todos los d√≠as un grupo de 9 profesoras y de momento funciona genial y el caf√© sale con buen sabor. La recomiendo.,rosa diez sota,Revisado en Espa√±a el 27 de febrero de 2024
Perfecto,"5,0 de 5 estrellas",Me encanta esta cafetera.,Ale,Revisado en Espa√±a el 28 de julio de 2024
Genial,"5,0 de 5 estrellas",Estoy encantado con la compra!,David,Revisado en Espa√±a el 18 de julio de 2024
Relaci√≥n calidade/prezo sobresainte.,"5,0 de 5 estrellas","Tomo pouco caf√©, os findes...e pra sair do paso se ven alg√∫n familiar. Pra ser de c√°psulas non hai nada millor. Merquei capsulas reutilizables dobres e un bo caf√© ar√°biga, e a tirar caf√©s con leite a destra e sinistra.",A.Lago,Revisado en Espa√±a el 28 de abril de 2024
Encantada,"5,0 de 5 estrellas","Simplemente la amo,no necesito m√°s.Es perfecta para mis necesidades y cumple con su funci√≥n",Yolanda M.,Revisado en Espa√±a el 28 de abril de 2024
Genial,"5,0 de 5 estrellas",Excelente contentos con la compra,Luis nathaniel copp,Revisado en Espa√±a el 23 de abril de 2024
SENCILLA Y C√ìMODA,"5,0 de 5 estrellas","No tiene secretos, funciona para lo que nos apetece, tomar cafe",tito,Revisado en Espa√±a el 11 de abril de 2024
A√∫n tengo la anterior cafetera el√©ctrica Tassimo y me gusta mucho y es por esto qu√© la he comprado.,"5,0 de 5 estrellas","La primera vez que la compr√© que ha durado m√°s de lo imaginaba y ahora mismo la he vuelto a comprar, porque la verdad es que estoy muy contento con el pedido y la anterior cafetera el√©ctrica similar y producto de la cal del agua me parece muy vieja y no me pika bien la c√°psula del producto, el caf√© ‚òï en discos y al final he tenido oportunidad de comprar otra vez pero m√°s barata que la vieja y no me he podido resistir a comprar una nueva.",Fernan.,Revisado en Espa√±a el 25 de septiembre de 2023
Excelente,"5,0 de 5 estrellas",Excelente la uso a diario para tomar mi caf√© antes de mi jornada de trabajo,rafael estevez,Revisado en Espa√±a el 9 de febrero de 2024
Buena la recomiendo,"5,0 de 5 estrellas",Que pena que no sirvan otras capsulas,Angel,Revisado en Espa√±a el 1 de marzo de 2024
Bien,"5,0 de 5 estrellas",Por el precio hace buen caf√©,Ana Garcia,Revisado en Espa√±a el 12 de enero de 2024
Buena compra,"5,0 de 5 estrellas",Ya ten√≠a antes una y es una buena m√°quina a un buen precio.,Manuel Visglerio,Revisado en Espa√±a el 21 de diciembre de 2023
Calidad y f√°cil manejo,"5,0 de 5 estrellas","La cafetera es estupenda y tiene un buen tama√±o, no me ocupa mucho en la cocina, yo uso caf√© descafeinado y en √®se aspecto no encuentro mucha variedad, solo hay el cortado que echa muy poquito caf√©, tambi√©n uso la variedad chai late( t√©), que est√° buen√≠simo y el chocolate Milka que tambi√©n est√° muy bueno, me gustar√≠a encontrar m√°s variedad de infusiones y que no fueran tan caras las c√°psulas tassimo, pero estoy muy contenta con mi m√°quina.",pilar,Revisado en Espa√±a el 29 de enero de 2023
Estaba a muy buen precio,"5,0 de 5 estrellas","Me gusta mucho la cafetera, sali√≥ a buen precio y es muy f√°cil de usar. Lo mejor de tassimo es que trabaja con buenas marcas de caf√©, por lo que est√° muy rico",angelachu,Revisado en Espa√±a el 1 de enero de 2023
Muy buena.,"5,0 de 5 estrellas","Practica, autom√°tica y f√°cil de usar. Recomendable.",Aldo,Revisado en Espa√±a el 10 de agosto de 2023
La mejor cafetera calidad-precio,"5,0 de 5 estrellas","Ya ten√≠a una pero necesitaba otra para otra casa. Viene mejorada y como siempre hace un muy buen caf√©. Si hay algo negativo que ponerle, es que, el recipiente del agua es un poco m√°s peque√±o.",Raul,Revisado en Espa√±a el 15 de noviembre de 2022
No se puede pedir m√°s,"5,0 de 5 estrellas","Va de lujo, no hace caf√©, hace un caramelo. La recomiendo cien por cien",Laude,Revisado en Espa√±a el 20 de mayo de 2023
Bonita y no ocupa espacio,"5,0 de 5 estrellas","Ha sido para regalo y un completo acierto . Es f√°cil y sencilla a la hora de hacer el caf√©, lo malo es que no hay c√°psulas de marca blanca. Por lo dem√°s un acierto, recomendable",Ana,Revisado en Espa√±a el 8 de enero de 2023
Mi cafetera Favorita,"5,0 de 5 estrellas","Despu√©s de casi 6 a√±os mi cafetera Bosch Tassimo se nos estrope√≥ despu√©s de darle much√≠sima ca√±a en casa,y compramos este modelo y color y estoy muy feliz,el modelo es precioso,el color mucho m√°s elegante que en la foto...
En casa no podemos pasar sin el caf√© cada d√≠a,es la mejor cafetera para mi.
El caf√© sale ardiendo,con sabor,cuerpo...Un aroma...me encanta y lleg√≥ como siempre s√∫per r√°pido.
Gracias Amazon por hacerme la vida m√°s f√°cil.",√Ålvaro Ram√≠rez.,Revisado en Espa√±a el 14 de diciembre de 2021
"F√°cil,de manejar,y buen sabor del caf√©","5,0 de 5 estrellas","Lo mejor es la facilidad, de su manejo,adem√°s de hacer un buen caf√©.Lo peor es que no puedes comprar otro tipo,de c√°psulas que no sean de la marca TASSIMO. Pero por lo dem√°s es una buena cafetera,con mucha variedad de sabores ..",Jose V.,Revisado en Espa√±a el 6 de noviembre de 2022
El precio as√≠ como el sabor del caf√©.,"5,0 de 5 estrellas","Que los supermercados tengan m√°s variedad de c√°psulas, por ejemplo en el caf√© descafeinado solo est√° la opci√≥n de caf√© corto, t√© no tienen, y otras variedades que anuncian pero que no se ven. Muchas gracias.",Juan,Revisado en Espa√±a el 12 de diciembre de 2022
"Que el caf√© est√° muy bueno, en poqu√≠simo tiempo","5,0 de 5 estrellas","Me ha gustado que en 2 minutos el caf√© est√° preparado, y muy rico. Quiz√°s la marca no se esmere mucho en sacar una gran variedad de caf√©s, chocolates etc‚Ä¶, pero los que ha sacado est√°n buenos",Cliente Amazon,Revisado en Espa√±a el 5 de noviembre de 2022
"Es sencilla, barata y perfecta de tama√±o. No ocupa mucho y es f√°cil de usar y limpiar","5,0 de 5 estrellas","F√°cil de usar, relaci√≥n calidad precio excelente. F√°cil de limpiar y no ocupa mucho espacio. El dise√±o tambi√©n es atractivo y me encanta el color naranja, que es el que pedi",Mariv√≠,Revisado en Espa√±a el 19 de diciembre de 2022
Excelente,"5,0 de 5 estrellas",Hace un caf√© muy bueno y largo como a m√≠ me gusta. La √∫nica pega es que el dep√≥sito de agua va algo duro y cuesta sacar. Yo pido las c√°psulas de caf√© por Amazon y estoy muy contenta por el momento.,Miriam,Revisado en Espa√±a el 3 de diciembre de 2022
Estoy I ‚ù§Ô∏è con Tassimo,"5,0 de 5 estrellas","Fue un regalo del d√≠a de la madre, porque yo tengo hace mucho una y le gust√≥. Es f√°cil de usar y tiene gran variedad. Incluso la puedes usar para calentarse el agua de la infusi√≥n directamente.",Lourdes,Revisado en Espa√±a el 17 de noviembre de 2022
Relaci√≥n calidad precio,"5,0 de 5 estrellas","Muy buena cafetera a un precio muy econ√≥mico, la m√°quina es muy f√°cil de manejar, el caf√© est√° bastante bueno (para m√≠ sobre todo el capuchino). Tambi√©n es muy pr√°ctico que se puede regular en altura seg√∫n la taza sea peque√±a o m√°s grande. Por ponerle una pega me parece algo peque√±o el dep√≥sito del agua.
En definitiva muy buena compra.",Sonia,Revisado en Espa√±a el 22 de noviembre de 2021
Me gust√≥ mucho,"5,0 de 5 estrellas","Es muy f√°cil de usar, es muy econ√≥mica, lo que es un poco caro son los recambios de caf√©, y solo le sirven los tassimo, no hay otra marca, ni marca blanca que le sirva, es lo √∫nico malo que v√≠.",Jorge L√≥pez,Revisado en Espa√±a el 10 de noviembre de 2022
El color me encanta,"5,0 de 5 estrellas","Hago caf√©s 3 en 1 (sobres no me van), funciona bien, se puede hacer t√©, caf√© - no hacen falta c√°psulas. Me encanta la m√°quina, su color y dise√±o",ariatna,Revisado en Espa√±a el 5 de enero de 2023
Una √∫nica pega,"5,0 de 5 estrellas","La √∫nica pega que tiene esta cafetera (que funciona de maravilla y los caf√©s est√°n muy buenos) es que a√∫n quedando 3 dedos de agua en el dep√≥sito te avisa de que no tiene agua y no puede hacer un caf√© aunque sea corto. Por lo dem√°s, me ha gustado mucho, las bebidas est√°n cremosas y suaves y nada aguadas. Muy f√°cil y c√≥moda de usar.",Cristina,Revisado en Espa√±a el 18 de diciembre de 2021
Calidad,"5,0 de 5 estrellas","Parece buena pero al ser para un regalo no lo voy a estrenar, luego pondr√© la opini√≥n...es muy bonita y un tama√±o, perfectoüëç...la recomiendo",A.....A,Revisado en Espa√±a el 23 de marzo de 2023
Muy buena,"5,0 de 5 estrellas",Demasiado grande pero cumple perfecto el objetivo,Melchor,Revisado en Espa√±a el 1 de julio de 2023
Buena relacion calidad precio,"5,0 de 5 estrellas",Tiene una buena relacion calidad precio. Es facil de usar y el cafe esta muy bueno. Muy contento de haberla comprado.,Javier Alvarez Gonzalez,Revisado en Espa√±a el 28 de enero de 2023
Ya es la segunda que compro y estoy encantado,"5,0 de 5 estrellas","Muy sencilla y r√°pida de uso.
Hasta que no pones la c√°psula nueva no te deja sacar el caf√©, con lo que te ahorras sorpresasy manchar tazas a lo tonto.",Nincillo,Revisado en Espa√±a el 4 de diciembre de 2022
No hace apenas ruido,"5,0 de 5 estrellas","Estoy encantada porque no hace apenas ruido y as√≠ no oigo los caf√©s de mi marido por la m√±n...jjiji
Es peque√±ita, f√°cil de usar y limpiar adem√°s el color rojo es muy chulo.",Cliente Amaazon rosalia,Revisado en Espa√±a el 23 de noviembre de 2022
Lo que necesitaba,"5,0 de 5 estrellas",Esta cafetera la tengo en casa y quer√≠a otra igual para segunda vivienda.,Helen,Revisado en Espa√±a el 16 de mayo de 2023
Cafetera,"5,0 de 5 estrellas",Me lleg√≥ muy bien Enbalada y protegida y r√°pido. la cafetera me gust√≥ mucho y es c√≥moda y f√°cil el uso de momento va genial,Yumic,Revisado en Espa√±a el 27 de noviembre de 2022
Perfecta,"5,0 de 5 estrellas","Me ha gustado mucho su dise√±o, la compr√© para sustituir otra tassimo. Las tengo en casa y en la oficina. El caf√© sale perfecto",N.C.,Revisado en Espa√±a el 17 de diciembre de 2022
Relaci√≥n calidad- precio muy buena,"5,0 de 5 estrellas",F√°cil de usar y el caf√© sale bueno y por el precio que tiene esta fenomenal. Es r√°pida y no ensucia nada. La recomiendo 100x100.,inmaculada,Revisado en Espa√±a el 14 de noviembre de 2022
Perfecto para Tissimo,"5,0 de 5 estrellas",Facil de usar y comoda. Llevo casi un a√±o de uso y todo perfecto,Gonbelmor,Revisado en Espa√±a el 12 de marzo de 2023
La mejor opci√≥n,"5,0 de 5 estrellas","Es preciosa, f√°cil de usar, la consegu√≠ cuando estaba de oferta y pagu√© 23 con algo, as√≠ que se podr√°n imaginar‚Ä¶ la mejor inversi√≥n porque no les va a defraudar esta maquinita. Los caf√©s son exquisitos para ser una m√°quina de c√°psula",AmandaMA,Revisado en Espa√±a el 21 de marzo de 2022
Importante limpiar antes de usar por primera vez.,"5,0 de 5 estrellas","La mejor cafetera calidad-precio que he probado, lo √∫nico a tener en cuenta es que las instrucciones no son demasiado claras, es mejor buscar en YouTube unos v√≠deos que ha subido la propia marca, donde se ve claramente c√≥mo hacer todos los procesos de mantenimiento y limpieza. Por lo dem√°s, muy correcto, la √∫nica pega es que solo es compatible con c√°psulas Tassimo.",√Ålvaro,Revisado en Espa√±a el 1 de diciembre de 2021
calidad-precio,"5,0 de 5 estrellas","Es c√≥moda, se limpia f√°cil y precio asequible. Lo malo es que creo que no hay capsulas compatibles m√°s baratas. Yo la compr√© por el capuccino y no es f√°cil de encontrar, as√≠ que tuve que comprar un pack de 5 en Amazon tambi√©n, pero bueno, se van gastando al final. Bastante contentos con la compra.",Fran y kari,Revisado en Espa√±a el 20 de diciembre de 2021
Muy buena cafetera,"5,0 de 5 estrellas",La cafetera en si me gusta lo que no me gusta es el precio de sus c√°psulas que tienen que ser originales no hay marca blanca,jordi,Revisado en Espa√±a el 14 de diciembre de 2022
Buen funcionamiento,"5,0 de 5 estrellas","He usado diferentes variedades de caf√©, todas de la marca Marcilla y la m√°quina se ha comportado muy bien. Contento con la compra.",Josep M. Ric√≥s,Revisado en Espa√±a el 22 de diciembre de 2022
Excelente compra,"5,0 de 5 estrellas","Muy buena cafetera y a un precio casi regalado. El caf√© sale muy bueno, aunque hay poca oferta en los supermercados, por internet hay gran variedad de marcas para tassimo. Muy contento",Xavier,Revisado en Espa√±a el 23 de septiembre de 2022
Genial estoy enamorada,"5,0 de 5 estrellas",Todo es genial estoy in LOVE lo √∫nico que no se puede poner c√°psulas de marca blanca pero por lo dem√°s genial,Cliente Amazon,Revisado en Espa√±a el 29 de diciembre de 2022
Estupenda,"5,0 de 5 estrellas","Me gusta porque es muy c√≥moda, lo menos me gusta es el precio de la c√°psulas y que no encuentres todas las variedades en ning√∫n sitio.",Montse,Revisado en Espa√±a el 16 de diciembre de 2022
La mejor m√°quina de caf√©!!,"5,0 de 5 estrellas","La mejor m√°quina de caf√© con diferencia! F√°cil de usar, poco espacio, poco ruido a la hora de hacer el caf√© y sale delicioso!!! üíØ",Estherm,Revisado en Espa√±a el 19 de octubre de 2022
BUEN PRODUCTO,"5,0 de 5 estrellas","Soy m√°s de t√©, pero necesitaba una cafetera para cuando tengo visitas... perfecta.
Lo que m√°s me gusta... que no deja agua en el circuito.",Frank Knigthman,Revisado en Espa√±a el 17 de octubre de 2022
"Perfecta, relaci√≥n calidad precio imbatible","5,0 de 5 estrellas",La cafetera me lleg√≥ muy r√°pido. Un poco dif√≠cil de ponerla a funcionar pro ya me acostumbr√© y es muy f√°cil. Bebidas deliciosas!,Rita,Revisado en Espa√±a el 17 de octubre de 2022
Perfecto,"5,0 de 5 estrellas",Buena cafetera de c√°psulas a muy buen precio. El caf√© sale buen√≠simo y tiene una gran variedad de sabores. Lo negativo es que no puedes contar con c√°psulas compatibles.,Enrique Coto,Revisado en Espa√±a el 11 de septiembre de 2022
Caf√©delicioso,"5,0 de 5 estrellas","Me gusto lo bien que hace el caf√©, pero las c√°psulas sin muy caras hay que comprr una c√°psula rellenables",Ver√≥nica,Revisado en Espa√±a el 5 de noviembre de 2022
Calidad precio,"5,0 de 5 estrellas",La mejor cafetera que podemos encontrar en el mercado en relaci√≥n calidad precio. Muy aconsejable,Adri√°n,Revisado en Espa√±a el 25 de diciembre de 2022
Genial,"5,0 de 5 estrellas",Hace un muy bueno caf√© y r√°pido as√≠ gan√≥ tiempo por las ma√±anas. Es una cafetera no muy grande no ocupa casi espacio.,Erica Tar√≠n Benedi,Revisado en Espa√±a el 20 de noviembre de 2022
MUY BONITA Y COMPACTA,"5,0 de 5 estrellas","Ya ten√≠a otro modelo anterior y he decido renovarlo. Es muy bonita y de tama√±o perfecto. El caf√© de Tassimo, como siempre, muy bueno. Muy buen precio y adem√°s lleva un cheque de descuento de 20‚Ç¨ para comprar caf√©s u otros productos de su web.",Cristina Nacher Ba√±on,Revisado en Espa√±a el 29 de diciembre de 2021
Muy bien,"5,0 de 5 estrellas","Funciona perfecta! Peque√±a ocupa poco espacio.
El caf√© est√° muy bueno y la preparaci√≥n es sencilla y r√°pida",√Ångela,Revisado en Espa√±a el 6 de diciembre de 2022
Funciona bien.,"5,0 de 5 estrellas",La tengo igual en la oficina y va muy bien. La compr√© tambi√©n para casa y muy contento.,Jes√∫s Jim√©nez,Revisado en Espa√±a el 21 de diciembre de 2022
Merece la pena,"5,0 de 5 estrellas","La compramos xq se nos estrope√≥ otra que ten√≠amos igual y por el precio merece la pena. Algo muy sencillo, pero que cumple perfectamente con su funci√≥n",Raquel T.,Revisado en Espa√±a el 4 de septiembre de 2022
Me encanta,"5,0 de 5 estrellas",Ya ten√≠a una de estas en el despacho y me la he pillado para casa. Me gusta.,Andrea,Revisado en Espa√±a el 10 de diciembre de 2022
Me encanta,"5,0 de 5 estrellas","M√°s variedad de caf√©s que otras marcas ; lo malo que hay poca variedad en los supermercados pero en p√°gina hay caf√©s deliciosos!!
Si us√°is c√°psulas compatibles de otra marca no tiene solo se pueden usar de su marca . Hace caf√©s exquisitos",Mar√≠a,Revisado en Espa√±a el 2 de enero de 2022
Caf√© muy rico,"5,0 de 5 estrellas","Me ha gustado mucho el sabor de los caf√©s, que sea regulable la altura de vasos y lo c√≥moda que es para limpiar. Pr√°cticamente no gotea nada. He tenido nido otras cafeteras como nesspreso y est√° no ensucia nada de nada. Las c√°psulas a pesar de no tener compatibles son muy asequibles lo cual no es problema. Todo un acierto",Pedro,Revisado en Espa√±a el 3 de octubre de 2021
