Unnamed: 0,ID,goods_url,reviews_url
,1-000000,https://www.amazon.es/Philips-Serie-3300-Cafetera-Superautom%C3%A1tica/dp/B0CDCFH17J/ref=sr_1_5?dib=eyJ2IjoiMSJ9.hm_0gtZLV81iXXXtKmlJBukw1-YLVxl46pozcPTCJEZRyZspar_iwpBR3EVyK5U8HLvWZz3Qmtn8mB3LBO54S8ed-v54It4Uk4xz0w48XkLhIlGEKueoOlq4M-5PRtZuG4BUO8duJHKCxbHdmDp_GfYGniiZBw0DXFanlSBtrWiqW7oCEcTk8JvUrmRftutsXPTxOuuvYaDfE7la4mP84ffjke69eou__qOxUIFkWUbhw0xmxPv6zS837XSYanX71v1dlqenmNc8QK8WLuBsTxt32e0twlbyWWCYniU3uxo.vU_YhbI33x6j3-eUUiyH5BehdoVNq9NU-U5zwwUA3DM&dib_tag=se&qid=1723372286&s=kitchen&sr=1-5,https://www.amazon.es/Philips-Serie-3300-Cafetera-Superautom%C3%A1tica/product-reviews/B0CDCFH17J/ref=cm_cr_dp_d_show_all_btm?ie=UTF8&reviewerType=all_reviews
,1-000001,https://www.amazon.es/Philips-Serie-5500-Cafetera-Superautom%C3%A1tica/dp/B0CTCQXZ3G/ref=sr_1_6?dib=eyJ2IjoiMSJ9.hm_0gtZLV81iXXXtKmlJBukw1-YLVxl46pozcPTCJEZRyZspar_iwpBR3EVyK5U8HLvWZz3Qmtn8mB3LBO54S8ed-v54It4Uk4xz0w48XkLhIlGEKueoOlq4M-5PRtZuG4BUO8duJHKCxbHdmDp_GfYGniiZBw0DXFanlSBtrWiqW7oCEcTk8JvUrmRftutsXPTxOuuvYaDfE7la4mP84ffjke69eou__qOxUIFkWUbhw0xmxPv6zS837XSYanX71v1dlqenmNc8QK8WLuBsTxt32e0twlbyWWCYniU3uxo.vU_YhbI33x6j3-eUUiyH5BehdoVNq9NU-U5zwwUA3DM&dib_tag=se&qid=1723372286&s=kitchen&sr=1-6,https://www.amazon.es/Philips-Serie-5500-Cafetera-Superautom%C3%A1tica/product-reviews/B0CTCQXZ3G/ref=cm_cr_dp_d_show_all_btm?ie=UTF8&reviewerType=all_reviews
,1-000002,https://www.amazon.es/Cecotec-Thermoblock-personalizado-Autolimpieza-Vaporizador/dp/B0BQ1HRFMW/ref=sr_1_7?dib=eyJ2IjoiMSJ9.hm_0gtZLV81iXXXtKmlJBukw1-YLVxl46pozcPTCJEZRyZspar_iwpBR3EVyK5U8HLvWZz3Qmtn8mB3LBO54S8ed-v54It4Uk4xz0w48XkLhIlGEKueoOlq4M-5PRtZuG4BUO8duJHKCxbHdmDp_GfYGniiZBw0DXFanlSBtrWiqW7oCEcTk8JvUrmRftutsXPTxOuuvYaDfE7la4mP84ffjke69eou__qOxUIFkWUbhw0xmxPv6zS837XSYanX71v1dlqenmNc8QK8WLuBsTxt32e0twlbyWWCYniU3uxo.vU_YhbI33x6j3-eUUiyH5BehdoVNq9NU-U5zwwUA3DM&dib_tag=se&qid=1723372286&s=kitchen&sr=1-7&th=1,https://www.amazon.es/Cecotec-Thermoblock-personalizado-Autolimpieza-Vaporizador/product-reviews/B0BQ1HRFMW/ref=cm_cr_dp_d_show_all_btm?ie=UTF8&reviewerType=all_reviews
,1-000003,https://www.amazon.es/Philips-serie-lattego-ep2231-40/dp/B07MMSWP78/ref=sr_1_8?dib=eyJ2IjoiMSJ9.hm_0gtZLV81iXXXtKmlJBukw1-YLVxl46pozcPTCJEZRyZspar_iwpBR3EVyK5U8HLvWZz3Qmtn8mB3LBO54S8ed-v54It4Uk4xz0w48XkLhIlGEKueoOlq4M-5PRtZuG4BUO8duJHKCxbHdmDp_GfYGniiZBw0DXFanlSBtrWiqW7oCEcTk8JvUrmRftutsXPTxOuuvYaDfE7la4mP84ffjke69eou__qOxUIFkWUbhw0xmxPv6zS837XSYanX71v1dlqenmNc8QK8WLuBsTxt32e0twlbyWWCYniU3uxo.vU_YhbI33x6j3-eUUiyH5BehdoVNq9NU-U5zwwUA3DM&dib_tag=se&qid=1723372286&s=kitchen&sr=1-8,https://www.amazon.es/Philips-serie-lattego-ep2231-40/product-reviews/B07MMSWP78/ref=cm_cr_dp_d_show_all_btm?ie=UTF8&reviewerType=all_reviews
,1-000004,https://www.amazon.es/Sage-Appliances-SES450-Bambino-Stainless/dp/B09713NW8H/ref=sr_1_4?dib=eyJ2IjoiMSJ9.hm_0gtZLV81iXXXtKmlJBukw1-YLVxl46pozcPTCJEZRyZspar_iwpBR3EVyK5U8HLvWZz3Qmtn8mB3LBO54S8ed-v54It4Uk4xz0w48XkLhIlGEKueoOlq4M-5PRtZuG4BUO8duJHKCxbHdmDp_GfYGniiZBw0DXFanlSBtrWiqW7oCEcTk8JvUrmRftutsXPTxOuuvYaDfE7la4mP84ffjke69eou__qOxUIFkWUbhw0xmxPv6zS837XSYanX71v1dlqenmNc8QK8WLuBsTxt32e0twlbyWWCYniU3uxo.vU_YhbI33x6j3-eUUiyH5BehdoVNq9NU-U5zwwUA3DM&dib_tag=se&qid=1723372286&s=kitchen&sr=1-4,https://www.amazon.es/Sage-Appliances-SES450-Bambino-Stainless/product-reviews/B09713NW8H/ref=cm_cr_dp_d_show_all_btm?ie=UTF8&reviewerType=all_reviews
,1-000005,https://www.amazon.es/Delonghi-Dedica-Inoxidable-Cappuccino-Anti-goteo/dp/B06WGTZ874/ref=sr_1_1?dib=eyJ2IjoiMSJ9.hm_0gtZLV81iXXXtKmlJBukw1-YLVxl46pozcPTCJEZRyZspar_iwpBR3EVyK5U8HLvWZz3Qmtn8mB3LBO54S8ed-v54It4Uk4xz0w48XkLhIlGEKueoOlq4M-5PRtZuG4BUO8duJHKCxbHdmDp_GfYGniiZBw0DXFanlSBtrWiqW7oCEcTk8JvUrmRftutsXPTxOuuvYaDfE7la4mP84ffjke69eou__qOxUIFkWUbhw0xmxPv6zS837XSYanX71v1dlqenmNc8QK8WLuBsTxt32e0twlbyWWCYniU3uxo.vU_YhbI33x6j3-eUUiyH5BehdoVNq9NU-U5zwwUA3DM&dib_tag=se&qid=1723372286&s=kitchen&sr=1-1&th=1,https://www.amazon.es/Delonghi-Dedica-Inoxidable-Cappuccino-Anti-goteo/product-reviews/B06WGTZ874/ref=cm_cr_dp_d_show_all_btm?ie=UTF8&reviewerType=all_reviews
,1-000006,https://www.amazon.es/Philips-EP5441-50-Serie-5400/dp/B08CBJCQ39/ref=sr_1_2?dib=eyJ2IjoiMSJ9.hm_0gtZLV81iXXXtKmlJBukw1-YLVxl46pozcPTCJEZRyZspar_iwpBR3EVyK5U8HLvWZz3Qmtn8mB3LBO54S8ed-v54It4Uk4xz0w48XkLhIlGEKueoOlq4M-5PRtZuG4BUO8duJHKCxbHdmDp_GfYGniiZBw0DXFanlSBtrWiqW7oCEcTk8JvUrmRftutsXPTxOuuvYaDfE7la4mP84ffjke69eou__qOxUIFkWUbhw0xmxPv6zS837XSYanX71v1dlqenmNc8QK8WLuBsTxt32e0twlbyWWCYniU3uxo.vU_YhbI33x6j3-eUUiyH5BehdoVNq9NU-U5zwwUA3DM&dib_tag=se&qid=1723372286&s=kitchen&sr=1-2,https://www.amazon.es/Philips-EP5441-50-Serie-5400/product-reviews/B08CBJCQ39/ref=cm_cr_dp_d_show_all_btm?ie=UTF8&reviewerType=all_reviews
,1-000007,https://www.amazon.es/Delonghi-Cafetera-superautom%C3%A1tica-funci%C3%B3n-cappuccino/dp/B01JOYVGFK/ref=sr_1_17?dib=eyJ2IjoiMSJ9.hm_0gtZLV81iXXXtKmlJBukw1-YLVxl46pozcPTCJEZRyZspar_iwpBR3EVyK5U8HLvWZz3Qmtn8mB3LBO54S8ed-v54It4Uk4xz0w48XkLhIlGEKueoOlq4M-5PRtZuG4BUO8duJHKCxbHdmDp_GfYGniiZBw0DXFanlSBtrWiqW7oCEcTk8JvUrmRftutsXPTxOuuvYaDfE7la4mP84ffjke69eou__qOxUIFkWUbhw0xmxPv6zS837XSYanX71v1dlqenmNc8QK8WLuBsTxt32e0twlbyWWCYniU3uxo.vU_YhbI33x6j3-eUUiyH5BehdoVNq9NU-U5zwwUA3DM&dib_tag=se&qid=1723372286&s=kitchen&sr=1-17,https://www.amazon.es/Delonghi-Cafetera-superautom%C3%A1tica-funci%C3%B3n-cappuccino/product-reviews/B01JOYVGFK/ref=cm_cr_dp_d_show_all_btm?ie=UTF8&reviewerType=all_reviews
,1-000008,https://www.amazon.es/DeLonghi-ESAM3200S-Plata-1450-220/dp/B000OC4EBK/ref=sr_1_18?dib=eyJ2IjoiMSJ9.hm_0gtZLV81iXXXtKmlJBukw1-YLVxl46pozcPTCJEZRyZspar_iwpBR3EVyK5U8HLvWZz3Qmtn8mB3LBO54S8ed-v54It4Uk4xz0w48XkLhIlGEKueoOlq4M-5PRtZuG4BUO8duJHKCxbHdmDp_GfYGniiZBw0DXFanlSBtrWiqW7oCEcTk8JvUrmRftutsXPTxOuuvYaDfE7la4mP84ffjke69eou__qOxUIFkWUbhw0xmxPv6zS837XSYanX71v1dlqenmNc8QK8WLuBsTxt32e0twlbyWWCYniU3uxo.vU_YhbI33x6j3-eUUiyH5BehdoVNq9NU-U5zwwUA3DM&dib_tag=se&qid=1723372286&s=kitchen&sr=1-18,https://www.amazon.es/DeLonghi-ESAM3200S-Plata-1450-220/product-reviews/B000OC4EBK/ref=cm_cr_dp_d_show_all_btm?ie=UTF8&reviewerType=all_reviews
,1-000009,https://www.amazon.es/Graef-ESM802EU-Milegra-1600-Cafetera/dp/B07Z8JLQ73/ref=sr_1_26?dib=eyJ2IjoiMSJ9.U0tJ-wAbmXatDXZol6uOZyJHzwyiagy62c8qgndPDVHCOPfKFaoWzdWtZHIXKccHOAq96WwaEjB8T6ZOQEZEzBXTAK-ktfgGmSkr7_vnCf3WWasIQTWGYbXz0itOqAyYy6Y7R2fQgyaptw8MQ-ZX0KdEq4SVmjum4VC385EFeDnyrsJvW_KJRR8P2mF6VndctXA8SypXZblmgnzJQ_j4OyrB8rtk6l9IPBqNLXHd6kUYZX-kwImFvr2H4hN4PE5nTO_vlcknUBAOB0fjaLBTZmPr6vegKnfMoQkpXL4i6eo.so6w-zJftMNG9Ahas93J_CT-oOy36wpGwTBJNdXzVk4&dib_tag=se&qid=1723379344&s=kitchen&sr=1-26,https://www.amazon.es/Graef-ESM802EU-Milegra-1600-Cafetera/product-reviews/B07Z8JLQ73/ref=cm_cr_dp_d_show_all_btm?ie=UTF8&reviewerType=all_reviews
,1-000010,https://www.amazon.es/Cecotec-Thermoblock-personalizado-Autolimpieza-Vaporizador/dp/B0BQ1HRFMW/ref=pd_rhf_dp_s_ci_mcx_mr_hp_d_d_sccl_1_7/262-2739010-6039420?pd_rd_w=a4lCY&content-id=amzn1.sym.2adfe069-aaa5-4e37-835c-3cf2b9ca2b2c%3Aamzn1.symc.1b44a113-f80b-4bad-946d-45e84e3d8ccf&pf_rd_p=2adfe069-aaa5-4e37-835c-3cf2b9ca2b2c&pf_rd_r=0RMJS5J7S2CN2HAY7PJF&pd_rd_wg=96Y9F&pd_rd_r=187fd560-e32f-4234-8efb-1b8358f91713&pd_rd_i=B0BQ1HRFMW&th=1,https://www.amazon.es/Cecotec-Thermoblock-personalizado-Autolimpieza-Vaporizador/product-reviews/B0BQ1HRFMW/ref=cm_cr_dp_d_show_all_btm?ie=UTF8&reviewerType=all_reviews
,1-000011,https://www.amazon.es/gp/aw/d/B09CGSCBK5/?_encoding=UTF8&pd_rd_plhdr=t&aaxitk=dccf11a3ee1a077521b9612a54936ff9&hsa_cr_id=0&sr=1-2-undefined&ref_=sbx_be_dp_arbies_lsi4d_asin_1_title&pd_rd_w=iRZxA&content-id=amzn1.sym.65b8f191-1e26-405e-a99e-c3dc8d700c8a&pf_rd_p=65b8f191-1e26-405e-a99e-c3dc8d700c8a&pf_rd_r=6D4FAC7P4ENB91D8R069&pd_rd_wg=Vp7Af&pd_rd_r=c53cf8c3-b65e-4875-a5b6-d070b0218fa1&th=1,https://www.amazon.es/DeLonghi-Magnifica-superatom%C3%A1tica-Cappuccino-ECAM292-33-SB/product-reviews/B09CGSCBK5/ref=cm_cr_dp_d_show_all_btm?ie=UTF8&reviewerType=all_reviews
,1-000012,https://www.amazon.es/dp/B0CCF5KCBQ?ref=emc_p_m_5_i_atc,https://www.amazon.es/DeLonghi-Magnifica-ECAM220-60-BG-Autom%C3%A1tica-LatteCrema/product-reviews/B0CCF5KCBQ/ref=cm_cr_dp_d_show_all_btm?ie=UTF8&reviewerType=all_reviews
,1-000013,https://www.amazon.es/Philips-serie-lattego-ep2231-40/dp/B07MMSWP78/ref=pd_rhf_dp_s_ci_mcx_mr_hp_d_d_sccl_1_5/262-2739010-6039420?pd_rd_w=EyP4O&content-id=amzn1.sym.2adfe069-aaa5-4e37-835c-3cf2b9ca2b2c:amzn1.symc.1b44a113-f80b-4bad-946d-45e84e3d8ccf&pf_rd_p=2adfe069-aaa5-4e37-835c-3cf2b9ca2b2c&pf_rd_r=BZFAXC3WK76A4Y6SJKWS&pd_rd_wg=pguYs&pd_rd_r=e85765c3-e735-4a3a-9ea3-b90ce64c7857&pd_rd_i=B07MMSWP78&psc=1,https://www.amazon.es/Philips-serie-lattego-ep2231-40/product-reviews/B07MMSWP78/ref=cm_cr_dp_d_show_all_btm?ie=UTF8&reviewerType=all_reviews
,1-000014,https://www.amazon.es/dp/B0BV3B7T33?ref=emc_p_m_5_i_atc&th=1,https://www.amazon.es/DeLonghi-Magnifica-ECAM222-20-B-Superautom%C3%A1tica-Soft-Touch/product-reviews/B0BV3B7T33/ref=cm_cr_dp_d_show_all_btm?ie=UTF8&reviewerType=all_reviews
,1-000015,https://www.amazon.es/Philips-Serie-5500-Cafetera-Superautom%C3%A1tica/dp/B0CTCQXZ3G/ref=pd_rhf_dp_s_ci_mcx_mr_hp_d_d_sccl_1_6/262-2739010-6039420?pd_rd_w=Yikqe&content-id=amzn1.sym.2adfe069-aaa5-4e37-835c-3cf2b9ca2b2c:amzn1.symc.1b44a113-f80b-4bad-946d-45e84e3d8ccf&pf_rd_p=2adfe069-aaa5-4e37-835c-3cf2b9ca2b2c&pf_rd_r=3EZ4TB53T8EHNGEM905P&pd_rd_wg=ZOEe0&pd_rd_r=74f30b6c-3f14-492c-acc9-2bb8e510625f&pd_rd_i=B0CTCQXZ3G&psc=1,https://www.amazon.es/Philips-Serie-5500-Cafetera-Superautom%C3%A1tica/product-reviews/B0CTCQXZ3G/ref=cm_cr_dp_d_show_all_btm?ie=UTF8&reviewerType=all_reviews
,1-000016,https://www.amazon.es/dp/B0BX4PP236?ref=emc_p_m_5_i_atc&th=1,https://www.amazon.es/DeLonghi-ECAM292-52-GB-Superautom%C3%A1tica-LatteCrema-Cappuccino/product-reviews/B0BX4PP236/ref=cm_cr_dp_d_show_all_btm?ie=UTF8&reviewerType=all_reviews
,1-000017,https://www.amazon.es/Philips-Serie-2200-EP2220-10/dp/B07MMSHC4R/ref=pd_vtp_d_sccl_3_4/262-2739010-6039420?pd_rd_w=YSns8&content-id=amzn1.sym.79bfeeec-d048-49eb-a46d-fd0df43d59bb&pf_rd_p=79bfeeec-d048-49eb-a46d-fd0df43d59bb&pf_rd_r=EZBGN1Y8NJ7KGCWMN1SD&pd_rd_wg=CWYHE&pd_rd_r=f80789ca-030a-4a52-a3be-13ba5704a3a6&pd_rd_i=B07MMSHC4R&th=1,https://www.amazon.es/Philips-Serie-2200-EP2220-10/product-reviews/B07MMSHC4R/ref=cm_cr_dp_d_show_all_btm?ie=UTF8&reviewerType=all_reviews
,1-000018,https://www.amazon.es/Cecotec-Thermoblock-personalizado-Autolimpieza-Vaporizador/dp/B0BQ1HRFMW/ref=pd_rhf_dp_s_ci_mcx_mr_hp_d_d_sccl_1_3/262-2739010-6039420?pd_rd_w=nTdWP&content-id=amzn1.sym.2adfe069-aaa5-4e37-835c-3cf2b9ca2b2c:amzn1.symc.1b44a113-f80b-4bad-946d-45e84e3d8ccf&pf_rd_p=2adfe069-aaa5-4e37-835c-3cf2b9ca2b2c&pf_rd_r=T4RG5PV8JAF1489EB86Q&pd_rd_wg=T7S5y&pd_rd_r=6cf7fe11-5caf-4420-a5de-6bccd1f59832&pd_rd_i=B0BQ1HRFMW&psc=1,https://www.amazon.es/Cecotec-Thermoblock-personalizado-Autolimpieza-Vaporizador/product-reviews/B0BQ1HRFMW/ref=cm_cr_dp_d_show_all_btm?ie=UTF8&reviewerType=all_reviews
,1-000019,https://www.amazon.es/DeLonghi-Magnifica-ECAM222-20-B-Superautom%C3%A1tica-Soft-Touch/dp/B0BV3B7T33/ref=pd_vtp_d_sccl_3_3/262-2739010-6039420?pd_rd_w=YSns8&content-id=amzn1.sym.79bfeeec-d048-49eb-a46d-fd0df43d59bb&pf_rd_p=79bfeeec-d048-49eb-a46d-fd0df43d59bb&pf_rd_r=EZBGN1Y8NJ7KGCWMN1SD&pd_rd_wg=CWYHE&pd_rd_r=f80789ca-030a-4a52-a3be-13ba5704a3a6&pd_rd_i=B0BV3B7T33&psc=1,https://www.amazon.es/DeLonghi-Magnifica-ECAM222-20-B-Superautom%C3%A1tica-Soft-Touch/product-reviews/B0BV3B7T33/ref=cm_cr_dp_d_show_all_btm?ie=UTF8&reviewerType=all_reviews
,1-000020,https://www.amazon.es/Philips-Serie-3300-Cafetera-Superautom%C3%A1tica/dp/B0CDCFH17J/ref=pd_vtp_d_sccl_3_6/262-2739010-6039420?pd_rd_w=YSns8&content-id=amzn1.sym.79bfeeec-d048-49eb-a46d-fd0df43d59bb&pf_rd_p=79bfeeec-d048-49eb-a46d-fd0df43d59bb&pf_rd_r=EZBGN1Y8NJ7KGCWMN1SD&pd_rd_wg=CWYHE&pd_rd_r=f80789ca-030a-4a52-a3be-13ba5704a3a6&pd_rd_i=B0CDCFH17J&th=1,https://www.amazon.es/Philips-Serie-3300-Cafetera-Superautom%C3%A1tica/product-reviews/B0CDCFH17J/ref=cm_cr_dp_d_show_all_btm?ie=UTF8&reviewerType=all_reviews
,1-000021,https://www.amazon.es/DeLonghi-ESAM3200S-Plata-1450-220/dp/B000OC4EBK/ref=pd_rhf_dp_s_ci_mcx_mr_hp_d_d_sccl_1_4/262-2739010-6039420?pd_rd_w=oBNAQ&content-id=amzn1.sym.2adfe069-aaa5-4e37-835c-3cf2b9ca2b2c%3Aamzn1.symc.1b44a113-f80b-4bad-946d-45e84e3d8ccf&pf_rd_p=2adfe069-aaa5-4e37-835c-3cf2b9ca2b2c&pf_rd_r=V7EVBRQ2QC9F6A230SCF&pd_rd_wg=r3cch&pd_rd_r=bfec4c13-e6b9-4016-a1a0-eba374062cc9&pd_rd_i=B000OC4EBK&th=1,https://www.amazon.es/DeLonghi-ESAM3200S-Plata-1450-220/product-reviews/B000OC4EBK/ref=cm_cr_dp_d_show_all_btm?ie=UTF8&reviewerType=all_reviews
,1-000022,https://www.amazon.es/Philips-Serie-3300-Cafetera-Superautom%C3%A1tica/dp/B0CDCFH17J/ref=pd_rhf_dp_s_ci_mcx_mr_hp_d_d_sccl_1_1/262-2739010-6039420?pd_rd_w=oBNAQ&content-id=amzn1.sym.2adfe069-aaa5-4e37-835c-3cf2b9ca2b2c%3Aamzn1.symc.1b44a113-f80b-4bad-946d-45e84e3d8ccf&pf_rd_p=2adfe069-aaa5-4e37-835c-3cf2b9ca2b2c&pf_rd_r=V7EVBRQ2QC9F6A230SCF&pd_rd_wg=r3cch&pd_rd_r=bfec4c13-e6b9-4016-a1a0-eba374062cc9&pd_rd_i=B0CDCFH17J&th=1,https://www.amazon.es/Philips-Serie-3300-Cafetera-Superautom%C3%A1tica/product-reviews/B0CDCFH17J/ref=cm_cr_dp_d_show_all_btm?ie=UTF8&reviewerType=all_reviews
,1-000023,https://www.amazon.es/Saeco-totalmente-autom%C3%A1tica-SM6585-Personaliza/dp/B08TCFRMQX/ref=pd_sim_d_sccl_4_6/262-2739010-6039420?pd_rd_w=PSIko&content-id=amzn1.sym.7d8190a3-4976-4a6e-a163-4b93400f9ccc&pf_rd_p=7d8190a3-4976-4a6e-a163-4b93400f9ccc&pf_rd_r=1ZMJ5SGMPM5T092Y0XTM&pd_rd_wg=WMBOm&pd_rd_r=05056600-b746-468f-809b-01d1e54debe6&pd_rd_i=B08TCFRMQX&th=1,https://www.amazon.es/Saeco-totalmente-autom%C3%A1tica-SM6585-Personaliza/product-reviews/B08TCFRMQX/ref=cm_cr_dp_d_show_all_btm?ie=UTF8&reviewerType=all_reviews
,1-000024,https://www.amazon.es/Philips-Serie-2300-Cafetera-Superautom%C3%A1tica/dp/B0CDCCZ9K8/ref=pd_sim_d_sccl_4_4/262-2739010-6039420?pd_rd_w=QA7ES&content-id=amzn1.sym.7d8190a3-4976-4a6e-a163-4b93400f9ccc&pf_rd_p=7d8190a3-4976-4a6e-a163-4b93400f9ccc&pf_rd_r=Y39AKGCMHWWW0BJ635F0&pd_rd_wg=RQEQ5&pd_rd_r=f3ae9155-a0ce-4ba7-b671-95fd769e540d&pd_rd_i=B0CDCCZ9K8&th=1,https://www.amazon.es/Philips-Serie-2300-Cafetera-Superautom%C3%A1tica/product-reviews/B0CDCCZ9K8/ref=cm_cr_dp_d_show_all_btm?ie=UTF8&reviewerType=all_reviews
,1-000025,https://www.amazon.es/Philips-Serie-3300-Cafetera-Superautom%C3%A1tica/dp/B0CDCFH17J/ref=pd_sim_d_sccl_4_6/262-2739010-6039420?pd_rd_w=QA7ES&content-id=amzn1.sym.7d8190a3-4976-4a6e-a163-4b93400f9ccc&pf_rd_p=7d8190a3-4976-4a6e-a163-4b93400f9ccc&pf_rd_r=Y39AKGCMHWWW0BJ635F0&pd_rd_wg=RQEQ5&pd_rd_r=f3ae9155-a0ce-4ba7-b671-95fd769e540d&pd_rd_i=B0CDCFH17J&th=1,https://www.amazon.es/Philips-Serie-3300-Cafetera-Superautom%C3%A1tica/product-reviews/B0CDCFH17J/ref=cm_cr_dp_d_show_all_btm?ie=UTF8&reviewerType=all_reviews
,1-000026,https://www.amazon.es/Philips-EP5441-50-Serie-5400/dp/B08CBJCQ39/ref=pd_sim_d_sccl_4_7/262-2739010-6039420?pd_rd_w=ctT8G&content-id=amzn1.sym.7d8190a3-4976-4a6e-a163-4b93400f9ccc&pf_rd_p=7d8190a3-4976-4a6e-a163-4b93400f9ccc&pf_rd_r=5MK6FV8GW0QRKKKDN3D1&pd_rd_wg=0rUhB&pd_rd_r=ca5c57d3-b08d-4bf2-ba44-14ce7e08e068&pd_rd_i=B08CBJCQ39&th=1,https://www.amazon.es/Philips-EP5441-50-Serie-5400/product-reviews/B08CBJCQ39/ref=cm_cr_dp_d_show_all_btm?ie=UTF8&reviewerType=all_reviews
,1-000027,https://www.amazon.es/Philips-EP5441-50-Serie-5400/dp/B08CBJCQ39/ref=pd_sim_d_sccl_4_7/262-2739010-6039420?pd_rd_w=PSIko&content-id=amzn1.sym.7d8190a3-4976-4a6e-a163-4b93400f9ccc&pf_rd_p=7d8190a3-4976-4a6e-a163-4b93400f9ccc&pf_rd_r=1ZMJ5SGMPM5T092Y0XTM&pd_rd_wg=WMBOm&pd_rd_r=05056600-b746-468f-809b-01d1e54debe6&pd_rd_i=B08CBJCQ39&th=1,https://www.amazon.es/Philips-EP5441-50-Serie-5400/product-reviews/B08CBJCQ39/ref=cm_cr_dp_d_show_all_btm?ie=UTF8&reviewerType=all_reviews
,1-000028,https://www.amazon.es/Cecotec-Thermoblock-personalizado-Autolimpieza-Vaporizador/dp/B0BQ1HRFMW/ref=pd_rhf_dp_s_ci_mcx_mr_hp_d_d_sccl_1_5/262-2739010-6039420?pd_rd_w=Q8TpQ&content-id=amzn1.sym.2adfe069-aaa5-4e37-835c-3cf2b9ca2b2c%3Aamzn1.symc.1b44a113-f80b-4bad-946d-45e84e3d8ccf&pf_rd_p=2adfe069-aaa5-4e37-835c-3cf2b9ca2b2c&pf_rd_r=YZB7NVKP915233XYSB4W&pd_rd_wg=A1OYh&pd_rd_r=e8e44bb1-0aa2-42b5-947e-84acc017b228&pd_rd_i=B0BQ1HRFMW&th=1,https://www.amazon.es/Cecotec-Thermoblock-personalizado-Autolimpieza-Vaporizador/product-reviews/B0BQ1HRFMW/ref=cm_cr_dp_d_show_all_btm?ie=UTF8&reviewerType=all_reviews
,1-000029,https://www.amazon.es/DeLonghi-ESAM3200S-Plata-1450-220/dp/B000OC4EBK/ref=pd_rhf_dp_s_ci_mcx_mr_hp_d_d_sccl_1_2/262-2739010-6039420?pd_rd_w=Q8TpQ&content-id=amzn1.sym.2adfe069-aaa5-4e37-835c-3cf2b9ca2b2c%3Aamzn1.symc.1b44a113-f80b-4bad-946d-45e84e3d8ccf&pf_rd_p=2adfe069-aaa5-4e37-835c-3cf2b9ca2b2c&pf_rd_r=YZB7NVKP915233XYSB4W&pd_rd_wg=A1OYh&pd_rd_r=e8e44bb1-0aa2-42b5-947e-84acc017b228&pd_rd_i=B000OC4EBK&th=1,https://www.amazon.es/DeLonghi-ESAM3200S-Plata-1450-220/product-reviews/B000OC4EBK/ref=cm_cr_dp_d_show_all_btm?ie=UTF8&reviewerType=all_reviews
,1-000030,https://www.amazon.es/Philips-Serie-5500-Cafetera-Superautom%C3%A1tica/dp/B0CTCQXZ3G/ref=pd_rhf_dp_s_ci_mcx_mr_hp_d_d_sccl_1_3/262-2739010-6039420?pd_rd_w=oBNAQ&content-id=amzn1.sym.2adfe069-aaa5-4e37-835c-3cf2b9ca2b2c:amzn1.symc.1b44a113-f80b-4bad-946d-45e84e3d8ccf&pf_rd_p=2adfe069-aaa5-4e37-835c-3cf2b9ca2b2c&pf_rd_r=V7EVBRQ2QC9F6A230SCF&pd_rd_wg=r3cch&pd_rd_r=bfec4c13-e6b9-4016-a1a0-eba374062cc9&pd_rd_i=B0CTCQXZ3G&psc=1,https://www.amazon.es/Philips-Serie-5500-Cafetera-Superautom%C3%A1tica/product-reviews/B0CTCQXZ3G/ref=cm_cr_dp_d_show_all_btm?ie=UTF8&reviewerType=all_reviews
,1-000031,https://www.amazon.es/gp/aw/d/B0CLVS2TWS/?_encoding=UTF8&pd_rd_plhdr=t&aaxitk=dccf11a3ee1a077521b9612a54936ff9&hsa_cr_id=0&sr=1-1-undefined&ref_=sbx_be_dp_arbies_lsi4d_asin_0_title&pd_rd_w=iRZxA&content-id=amzn1.sym.65b8f191-1e26-405e-a99e-c3dc8d700c8a&pf_rd_p=65b8f191-1e26-405e-a99e-c3dc8d700c8a&pf_rd_r=6D4FAC7P4ENB91D8R069&pd_rd_wg=Vp7Af&pd_rd_r=c53cf8c3-b65e-4875-a5b6-d070b0218fa1,https://www.amazon.es/DeLonghi-Magnifica-ECAM11-112-B-Superautom%C3%A1tica-Soft-Touch/product-reviews/B0CLVS2TWS/ref=cm_cr_dp_d_show_all_btm?ie=UTF8&reviewerType=all_reviews
,1-000032,https://www.amazon.es/gp/aw/d/B0CHYKNH5G/?_encoding=UTF8&pd_rd_plhdr=t&aaxitk=dccf11a3ee1a077521b9612a54936ff9&hsa_cr_id=0&sr=1-3-undefined&ref_=sbx_be_dp_arbies_lsi4d_asin_2_title&pd_rd_w=iRZxA&content-id=amzn1.sym.65b8f191-1e26-405e-a99e-c3dc8d700c8a&pf_rd_p=65b8f191-1e26-405e-a99e-c3dc8d700c8a&pf_rd_r=6D4FAC7P4ENB91D8R069&pd_rd_wg=Vp7Af&pd_rd_r=c53cf8c3-b65e-4875-a5b6-d070b0218fa1&th=1,https://www.amazon.es/DeLonghi-ECAM382-70-B-Autom%C3%A1tica-Cappuccino-LatteCrema/product-reviews/B0CHYKNH5G/ref=cm_cr_dp_d_show_all_btm?ie=UTF8&reviewerType=all_reviews
,1-000033,https://www.amazon.es/Cecotec-Cafelizzia-White-Sistema-Calentamiento-vaporizador/dp/B087RP269L/ref=pd_dp_d_dp_dealz_related_d_sccl_2_7/262-2739010-6039420?pd_rd_w=iwhzG&content-id=amzn1.sym.443eea78-60f4-4161-8b7d-eaf63660c598&pf_rd_p=443eea78-60f4-4161-8b7d-eaf63660c598&pf_rd_r=6D4FAC7P4ENB91D8R069&pd_rd_wg=Vp7Af&pd_rd_r=c53cf8c3-b65e-4875-a5b6-d070b0218fa1&pd_rd_i=B087RP269L&psc=1,https://www.amazon.es/Cecotec-Cafelizzia-White-Sistema-Calentamiento-vaporizador/product-reviews/B087RP269L/ref=cm_cr_dp_d_show_all_btm?ie=UTF8&reviewerType=all_reviews
,1-000034,https://www.amazon.es/Siemens-totalmente-autom%C3%A1tica-coffeeWorld-TQ705R03/dp/B0B21DZ6RK/ref=sr_1_33?dib=eyJ2IjoiMSJ9.U0tJ-wAbmXatDXZol6uOZyJHzwyiagy62c8qgndPDVHCOPfKFaoWzdWtZHIXKccHOAq96WwaEjB8T6ZOQEZEzBXTAK-ktfgGmSkr7_vnCf3WWasIQTWGYbXz0itOqAyYy6Y7R2fQgyaptw8MQ-ZX0KdEq4SVmjum4VC385EFeDnyrsJvW_KJRR8P2mF6VndctXA8SypXZblmgnzJQ_j4OyrB8rtk6l9IPBqNLXHd6kUYZX-kwImFvr2H4hN4PE5nTO_vlcknUBAOB0fjaLBTZmPr6vegKnfMoQkpXL4i6eo.so6w-zJftMNG9Ahas93J_CT-oOy36wpGwTBJNdXzVk4&dib_tag=se&qid=1723379344&s=kitchen&sr=1-33,https://www.amazon.es/Siemens-totalmente-autom%C3%A1tica-coffeeWorld-TQ705R03/product-reviews/B0B21DZ6RK/ref=cm_cr_dp_d_show_all_btm?ie=UTF8&reviewerType=all_reviews
,1-000035,https://www.amazon.es/DeLonghi-ESAM3200S-Plata-1450-220/dp/B000OC4EBK/ref=pd_rhf_dp_s_ci_mcx_mr_hp_d_d_sccl_1_3/262-2739010-6039420?pd_rd_w=N6ikn&content-id=amzn1.sym.2adfe069-aaa5-4e37-835c-3cf2b9ca2b2c:amzn1.symc.1b44a113-f80b-4bad-946d-45e84e3d8ccf&pf_rd_p=2adfe069-aaa5-4e37-835c-3cf2b9ca2b2c&pf_rd_r=G7FK0ZBK75CX13F9NPTR&pd_rd_wg=BqkM3&pd_rd_r=252ffc1b-4db1-4ec4-a02e-2e5aa9933ff3&pd_rd_i=B000OC4EBK&psc=1,https://www.amazon.es/DeLonghi-ESAM3200S-Plata-1450-220/product-reviews/B000OC4EBK/ref=cm_cr_dp_d_show_all_btm?ie=UTF8&reviewerType=all_reviews
,1-000036,https://www.amazon.es/BEKO-Cafetera-autom%C3%A1tica-CEG5331X-integrada/dp/B08KY4VWSZ/ref=sr_1_35?dib=eyJ2IjoiMSJ9.U0tJ-wAbmXatDXZol6uOZyJHzwyiagy62c8qgndPDVHCOPfKFaoWzdWtZHIXKccHOAq96WwaEjB8T6ZOQEZEzBXTAK-ktfgGmSkr7_vnCf3WWasIQTWGYbXz0itOqAyYy6Y7R2fQgyaptw8MQ-ZX0KdEq4SVmjum4VC385EFeDnyrsJvW_KJRR8P2mF6VndctXA8SypXZblmgnzJQ_j4OyrB8rtk6l9IPBqNLXHd6kUYZX-kwImFvr2H4hN4PE5nTO_vlcknUBAOB0fjaLBTZmPr6vegKnfMoQkpXL4i6eo.so6w-zJftMNG9Ahas93J_CT-oOy36wpGwTBJNdXzVk4&dib_tag=se&qid=1723379344&s=kitchen&sr=1-35&th=1,https://www.amazon.es/BEKO-Cafetera-autom%C3%A1tica-CEG5331X-integrada/product-reviews/B08KY4VWSZ/ref=cm_cr_dp_d_show_all_btm?ie=UTF8&reviewerType=all_reviews
,1-000037,https://www.amazon.es/Sage-Appliances-SES450-Bambino-Stainless/dp/B09713NW8H/ref=pd_rhf_dp_s_ci_mcx_mr_hp_d_d_sccl_1_7/262-2739010-6039420?pd_rd_w=bXsuH&content-id=amzn1.sym.2adfe069-aaa5-4e37-835c-3cf2b9ca2b2c:amzn1.symc.1b44a113-f80b-4bad-946d-45e84e3d8ccf&pf_rd_p=2adfe069-aaa5-4e37-835c-3cf2b9ca2b2c&pf_rd_r=TR3QYTB6E6RRW5KCKE7Y&pd_rd_wg=TZW1C&pd_rd_r=f0c61ec3-b07a-4fe3-8cc1-6addf2e57c78&pd_rd_i=B09713NW8H&psc=1,https://www.amazon.es/Sage-Appliances-SES450-Bambino-Stainless/product-reviews/B09713NW8H/ref=cm_cr_dp_d_show_all_btm?ie=UTF8&reviewerType=all_reviews
,1-000038,https://www.amazon.es/Philips-Serie-5500-Cafetera-Superautom%C3%A1tica/dp/B0CTCQXZ3G/ref=pd_rhf_dp_s_ci_mcx_mr_hp_d_d_sccl_1_5/262-2739010-6039420?pd_rd_w=mevIQ&content-id=amzn1.sym.2adfe069-aaa5-4e37-835c-3cf2b9ca2b2c:amzn1.symc.1b44a113-f80b-4bad-946d-45e84e3d8ccf&pf_rd_p=2adfe069-aaa5-4e37-835c-3cf2b9ca2b2c&pf_rd_r=YMA9CRR25SQM7EAFJX60&pd_rd_wg=dHizb&pd_rd_r=1a6f2af9-e2b7-46bb-a57a-db90951cdbf8&pd_rd_i=B0CTCQXZ3G&psc=1,https://www.amazon.es/Philips-Serie-5500-Cafetera-Superautom%C3%A1tica/product-reviews/B0CTCQXZ3G/ref=cm_cr_dp_d_show_all_btm?ie=UTF8&reviewerType=all_reviews
,1-000039,https://www.amazon.es/DeLonghi-ESAM3200S-Plata-1450-220/dp/B000OC4EBK/ref=pd_rhf_dp_s_ci_mcx_mr_hp_d_d_sccl_1_2/262-2739010-6039420?pd_rd_w=QDIpA&content-id=amzn1.sym.2adfe069-aaa5-4e37-835c-3cf2b9ca2b2c%3Aamzn1.symc.1b44a113-f80b-4bad-946d-45e84e3d8ccf&pf_rd_p=2adfe069-aaa5-4e37-835c-3cf2b9ca2b2c&pf_rd_r=2CAZDCJDBM0K2PZPQBAV&pd_rd_wg=FPwKJ&pd_rd_r=7939157c-f104-438f-9e95-642e14c9b75d&pd_rd_i=B000OC4EBK&th=1,https://www.amazon.es/DeLonghi-ESAM3200S-Plata-1450-220/product-reviews/B000OC4EBK/ref=cm_cr_dp_d_show_all_btm?ie=UTF8&reviewerType=all_reviews
,1-000040,https://www.amazon.es/Philips-EP5441-50-Serie-5400/dp/B08CBJCQ39/ref=pd_rhf_dp_s_ci_mcx_mr_hp_d_d_sccl_1_7/262-2739010-6039420?pd_rd_w=22mZs&content-id=amzn1.sym.2adfe069-aaa5-4e37-835c-3cf2b9ca2b2c%3Aamzn1.symc.1b44a113-f80b-4bad-946d-45e84e3d8ccf&pf_rd_p=2adfe069-aaa5-4e37-835c-3cf2b9ca2b2c&pf_rd_r=DE2XMD12SYN82GYQFJ59&pd_rd_wg=on62m&pd_rd_r=9d4cddef-4693-462e-9d9a-0594909d55bc&pd_rd_i=B08CBJCQ39&th=1,https://www.amazon.es/Philips-EP5441-50-Serie-5400/product-reviews/B08CBJCQ39/ref=cm_cr_dp_d_show_all_btm?ie=UTF8&reviewerType=all_reviews
,1-000041,https://www.amazon.es/Philips-serie-lattego-ep2231-40/dp/B07MMSWP78/ref=pd_rhf_dp_s_ci_mcx_mr_hp_d_d_sccl_1_5/262-2739010-6039420?pd_rd_w=QDIpA&content-id=amzn1.sym.2adfe069-aaa5-4e37-835c-3cf2b9ca2b2c:amzn1.symc.1b44a113-f80b-4bad-946d-45e84e3d8ccf&pf_rd_p=2adfe069-aaa5-4e37-835c-3cf2b9ca2b2c&pf_rd_r=2CAZDCJDBM0K2PZPQBAV&pd_rd_wg=FPwKJ&pd_rd_r=7939157c-f104-438f-9e95-642e14c9b75d&pd_rd_i=B07MMSWP78&psc=1,https://www.amazon.es/Philips-serie-lattego-ep2231-40/product-reviews/B07MMSWP78/ref=cm_cr_dp_d_show_all_btm?ie=UTF8&reviewerType=all_reviews
,1-000042,https://www.amazon.es/Cecotec-Thermoblock-personalizado-Autolimpieza-Vaporizador/dp/B0BQ1HRFMW/ref=pd_rhf_dp_s_ci_mcx_mr_hp_d_d_sccl_1_7/262-2739010-6039420?pd_rd_w=bdXje&content-id=amzn1.sym.2adfe069-aaa5-4e37-835c-3cf2b9ca2b2c%3Aamzn1.symc.1b44a113-f80b-4bad-946d-45e84e3d8ccf&pf_rd_p=2adfe069-aaa5-4e37-835c-3cf2b9ca2b2c&pf_rd_r=YXZ60CAMAQY8QT9VVNAR&pd_rd_wg=Kbspz&pd_rd_r=e4fee53b-5a95-4d73-92c4-f29783e9fd1e&pd_rd_i=B0BQ1HRFMW&th=1,https://www.amazon.es/Cecotec-Thermoblock-personalizado-Autolimpieza-Vaporizador/product-reviews/B0BQ1HRFMW/ref=cm_cr_dp_d_show_all_btm?ie=UTF8&reviewerType=all_reviews
,1-000043,https://www.amazon.es/Sage-Appliances-SES450-Bambino-Stainless/dp/B09713NW8H/ref=pd_rhf_dp_s_ci_mcx_mr_hp_d_d_sccl_1_7/262-2739010-6039420?pd_rd_w=QDIpA&content-id=amzn1.sym.2adfe069-aaa5-4e37-835c-3cf2b9ca2b2c%3Aamzn1.symc.1b44a113-f80b-4bad-946d-45e84e3d8ccf&pf_rd_p=2adfe069-aaa5-4e37-835c-3cf2b9ca2b2c&pf_rd_r=2CAZDCJDBM0K2PZPQBAV&pd_rd_wg=FPwKJ&pd_rd_r=7939157c-f104-438f-9e95-642e14c9b75d&pd_rd_i=B09713NW8H&th=1,https://www.amazon.es/Sage-Appliances-SES450-Bambino-Stainless/product-reviews/B09713NW8H/ref=cm_cr_dp_d_show_all_btm?ie=UTF8&reviewerType=all_reviews
,1-000044,https://www.amazon.es/Delonghi-Dedica-Inoxidable-Cappuccino-Anti-goteo/dp/B06WGTZ874/ref=lp_2165187031_1_1?pf_rd_p=74b7ac6a-0a6c-46cc-85f8-2acbe1c0d42f&pf_rd_r=7FZCVQ2X70WMRVZGDKX7&sbo=RZvfv%2F%2FHxDF%2BO5021pAnSA%3D%3D,https://www.amazon.es/Delonghi-Dedica-Inoxidable-Cappuccino-Anti-goteo/product-reviews/B06WGTZ874/ref=cm_cr_dp_d_show_all_btm?ie=UTF8&reviewerType=all_reviews
,1-000045,https://www.amazon.es/Philips-serie-lattego-ep2231-40/dp/B07MMSWP78/ref=sr_1_9?dib=eyJ2IjoiMSJ9.hm_0gtZLV81iXXXtKmlJBukw1-YLVxl46pozcPTCJEZRyZspar_iwpBR3EVyK5U8HLvWZz3Qmtn8mB3LBO54S-7C_jOLTeu_wUnYc2gs5yudJNLxU8V8_0ejTJ_avWncbvaYcLpZPXu5NkXtKwwsxE9ihaEi_XVwBA3ofXO1yr5_xjDbcUacc-502ZdAi1ej16h_sPUdOj_UyIIQ9WJWVbdhbdDyWf6MP5P4WhoismUjX1-stS-zsSjNeAJxj5sV2AOGwY8s2sA-bpc7T-7J1x6dGdXfcN5JuHQLp87QTOI.dXfLWvdl08IDSIcJkoafgQGO3b_yWOASwexmDZVZkAQ&dib_tag=se&qid=1723381042&s=kitchen&sr=1-9,https://www.amazon.es/Philips-serie-lattego-ep2231-40/product-reviews/B07MMSWP78/ref=cm_cr_dp_d_show_all_btm?ie=UTF8&reviewerType=all_reviews
,1-000046,https://www.amazon.es/Delonghi-Cafetera-superautom%C3%A1tica-funci%C3%B3n-cappuccino/dp/B01JOYVGFK/ref=sr_1_18?dib=eyJ2IjoiMSJ9.hm_0gtZLV81iXXXtKmlJBukw1-YLVxl46pozcPTCJEZRyZspar_iwpBR3EVyK5U8HLvWZz3Qmtn8mB3LBO54S-7C_jOLTeu_wUnYc2gs5yudJNLxU8V8_0ejTJ_avWncbvaYcLpZPXu5NkXtKwwsxE9ihaEi_XVwBA3ofXO1yr5_xjDbcUacc-502ZdAi1ej16h_sPUdOj_UyIIQ9WJWVbdhbdDyWf6MP5P4WhoismUjX1-stS-zsSjNeAJxj5sV2AOGwY8s2sA-bpc7T-7J1x6dGdXfcN5JuHQLp87QTOI.dXfLWvdl08IDSIcJkoafgQGO3b_yWOASwexmDZVZkAQ&dib_tag=se&qid=1723381155&s=kitchen&sr=1-18&th=1,https://www.amazon.es/Delonghi-Cafetera-superautom%C3%A1tica-funci%C3%B3n-cappuccino/product-reviews/B01JOYVGFK/ref=cm_cr_dp_d_show_all_btm?ie=UTF8&reviewerType=all_reviews
,1-000047,https://www.amazon.es/DeLonghi-ESAM3200S-Plata-1450-220/dp/B000OC4EBK/ref=sr_1_19?dib=eyJ2IjoiMSJ9.hm_0gtZLV81iXXXtKmlJBukw1-YLVxl46pozcPTCJEZRyZspar_iwpBR3EVyK5U8HLvWZz3Qmtn8mB3LBO54S-7C_jOLTeu_wUnYc2gs5yudJNLxU8V8_0ejTJ_avWncbvaYcLpZPXu5NkXtKwwsxE9ihaEi_XVwBA3ofXO1yr5_xjDbcUacc-502ZdAi1ej16h_sPUdOj_UyIIQ9WJWVbdhbdDyWf6MP5P4WhoismUjX1-stS-zsSjNeAJxj5sV2AOGwY8s2sA-bpc7T-7J1x6dGdXfcN5JuHQLp87QTOI.dXfLWvdl08IDSIcJkoafgQGO3b_yWOASwexmDZVZkAQ&dib_tag=se&qid=1723381155&s=kitchen&sr=1-19,https://www.amazon.es/DeLonghi-ESAM3200S-Plata-1450-220/product-reviews/B000OC4EBK/ref=cm_cr_dp_d_show_all_btm?ie=UTF8&reviewerType=all_reviews
,1-000048,https://www.amazon.es/Philips-serie-lattego-ep2231-40/dp/B07MMSWP78/ref=pd_rhf_dp_s_ci_mcx_mr_hp_d_d_sccl_1_3/262-2739010-6039420?pd_rd_w=Clrij&content-id=amzn1.sym.2adfe069-aaa5-4e37-835c-3cf2b9ca2b2c:amzn1.symc.1b44a113-f80b-4bad-946d-45e84e3d8ccf&pf_rd_p=2adfe069-aaa5-4e37-835c-3cf2b9ca2b2c&pf_rd_r=G1NKH5W1W68HAJVHESR4&pd_rd_wg=bcEVW&pd_rd_r=cacc9bfa-a8ca-4676-952c-61e961059ffe&pd_rd_i=B07MMSWP78&psc=1,https://www.amazon.es/Philips-serie-lattego-ep2231-40/product-reviews/B07MMSWP78/ref=cm_cr_dp_d_show_all_btm?ie=UTF8&reviewerType=all_reviews
